fecha,euro
1999-01-05,1.1685
1999-01-06,1.1788
1999-01-07,1.179
1999-01-08,1.175
1999-01-11,1.1663
1999-01-12,1.1651
1999-01-13,1.1575
1999-01-14,1.1495
1999-01-15,1.1709
1999-01-18,1.1649
1999-01-19,1.1683
1999-01-20,1.1604
1999-01-21,1.1614
1999-01-22,1.1582
1999-01-25,1.1561
1999-01-26,1.1575
1999-01-27,1.1596
1999-01-28,1.1571
1999-01-29,1.149
1999-02-01,1.1392
1999-02-02,1.138
1999-02-03,1.1364
1999-02-04,1.1304
1999-02-05,1.1346
1999-02-08,1.1261
1999-02-09,1.1303
1999-02-10,1.1254
1999-02-11,1.1335
1999-02-12,1.1328
1999-02-15,1.1328
1999-02-16,1.1315
1999-02-17,1.1315
1999-02-18,1.1315
1999-02-19,1.1228
1999-02-22,1.1225
1999-02-23,1.1162
1999-02-24,1.0985
1999-02-25,1.0984
1999-02-26,1.1032
1999-03-01,1.1032
1999-03-02,1.103
1999-03-03,1.0991
1999-03-04,1.0859
1999-03-05,1.0906
1999-03-08,1.0844
1999-03-09,1.0838
1999-03-10,1.0888
1999-03-11,1.0863
1999-03-12,1.0956
1999-03-15,1.0895
1999-03-16,1.092
1999-03-17,1.0944
1999-03-18,1.0867
1999-03-19,1.0957
1999-03-22,1.1006
1999-03-23,1.096
1999-03-24,1.0861
1999-03-25,1.0895
1999-03-26,1.0924
1999-03-29,1.0891
1999-03-30,1.081
1999-03-31,1.0691
1999-04-01,1.0712
1999-04-02,1.0751
1999-04-05,1.0791
1999-04-06,1.0791
1999-04-07,1.0729
1999-04-08,1.0735
1999-04-09,1.0806
1999-04-12,1.083
1999-04-13,1.0794
1999-04-14,1.0858
1999-04-15,1.0773
1999-04-16,1.0803
1999-04-19,1.0785
1999-04-20,1.0685
1999-04-21,1.0635
1999-04-22,1.0658
1999-04-23,1.0592
1999-04-26,1.0584
1999-04-27,1.0628
1999-04-28,1.061
1999-04-29,1.062
1999-04-30,1.0618
1999-05-03,1.0612
1999-05-04,1.059
1999-05-05,1.0583
1999-05-06,1.0581
1999-05-07,1.067
1999-05-10,1.0812
1999-05-11,1.0799
1999-05-12,1.0727
1999-05-13,1.0737
1999-05-14,1.0656
1999-05-17,1.0608
1999-05-18,1.071
1999-05-19,1.0664
1999-05-20,1.0692
1999-05-21,1.0648
1999-05-24,1.0636
1999-05-25,1.057
1999-05-26,1.0588
1999-05-27,1.0629
1999-05-28,1.0532
1999-05-31,1.046
1999-06-01,1.0484
1999-06-02,1.0456
1999-06-03,1.0443
1999-06-04,1.0355
1999-06-07,1.0396
1999-06-08,1.0319
1999-06-09,1.0288
1999-06-10,1.0388
1999-06-11,1.0451
1999-06-14,1.0474
1999-06-15,1.0528
1999-06-16,1.0429
1999-06-17,1.039
1999-06-18,1.0341
1999-06-21,1.0307
1999-06-22,1.0405
1999-06-23,1.034
1999-06-24,1.0318
1999-06-25,1.03
1999-06-28,1.0314
1999-06-29,1.0439
1999-06-30,1.0391
1999-07-01,1.0361
1999-07-02,1.0305
1999-07-05,1.0218
1999-07-06,1.026
1999-07-07,1.026
1999-07-08,1.026
1999-07-09,1.026
1999-07-12,1.0174
1999-07-13,1.0169
1999-07-14,1.0128
1999-07-15,1.0194
1999-07-16,1.019
1999-07-19,1.0204
1999-07-20,1.0214
1999-07-21,1.0208
1999-07-22,1.0409
1999-07-23,1.0476
1999-07-26,1.0498
1999-07-27,1.05
1999-07-28,1.0695
1999-07-29,1.0645
1999-07-30,1.0606
1999-08-02,1.0679
1999-08-03,1.0694
1999-08-04,1.0661
1999-08-05,1.0638
1999-08-06,1.0757
1999-08-09,1.0783
1999-08-10,1.0745
1999-08-11,1.0704
1999-08-12,1.0734
1999-08-13,1.0645
1999-08-16,1.0638
1999-08-17,1.0669
1999-08-18,1.0553
1999-08-19,1.0525
1999-08-20,1.0553
1999-08-23,1.0618
1999-08-24,1.0684
1999-08-25,1.0608
1999-08-26,1.0512
1999-08-27,1.0424
1999-08-30,1.0451
1999-08-31,1.0447
1999-09-01,1.0456
1999-09-02,1.0571
1999-09-03,1.0571
1999-09-06,1.072
1999-09-07,1.0678
1999-09-08,1.0588
1999-09-09,1.0569
1999-09-10,1.061
1999-09-13,1.0584
1999-09-14,1.0488
1999-09-15,1.0349
1999-09-16,1.0357
1999-09-17,1.0327
1999-09-20,1.038
1999-09-21,1.0387
1999-09-22,1.039
1999-09-23,1.0404
1999-09-24,1.0507
1999-09-27,1.0401
1999-09-28,1.0471
1999-09-29,1.0431
1999-09-30,1.0474
1999-10-01,1.0558
1999-10-04,1.0661
1999-10-05,1.0732
1999-10-06,1.0706
1999-10-07,1.0685
1999-10-08,1.0739
1999-10-11,1.073
1999-10-12,1.0621
1999-10-13,1.0643
1999-10-14,1.0669
1999-10-15,1.0783
1999-10-18,1.0765
1999-10-19,1.0857
1999-10-20,1.0862
1999-10-21,1.0822
1999-10-22,1.0765
1999-10-25,1.0795
1999-10-26,1.0739
1999-10-27,1.0684
1999-10-28,1.0614
1999-10-29,1.0614
1999-11-01,1.0614
1999-11-02,1.0614
1999-11-03,1.0541
1999-11-04,1.0511
1999-11-05,1.0511
1999-11-08,1.0511
1999-11-09,1.0395
1999-11-10,1.0395
1999-11-11,1.042
1999-11-12,1.042
1999-11-15,1.0411
1999-11-16,1.0318
1999-11-17,1.0306
1999-11-18,1.0342
1999-11-19,1.0404
1999-11-22,1.0314
1999-11-23,1.0306
1999-11-24,1.0303
1999-11-25,1.0308
1999-11-26,1.0231
1999-11-29,1.0192
1999-11-30,1.0097
1999-12-01,1.0097
1999-12-02,1.0053
1999-12-03,1.0101
1999-12-06,1.0029
1999-12-07,1.0001
1999-12-08,1.0223
1999-12-09,1.0223
1999-12-10,1.0239
1999-12-13,1.0178
1999-12-14,1.0126
1999-12-15,1.0116
1999-12-16,1.0051
1999-12-17,1.005
1999-12-20,1.0148
1999-12-21,1.0183
1999-12-22,1.0071
1999-12-23,1.0094
1999-12-24,1.007
1999-12-27,1.009
1999-12-28,1.0113
1999-12-29,1.0125
1999-12-30,1.0099
1999-12-31,1.0082
2000-01-03,1.003
2000-01-04,1.003
2000-01-05,1.0087
2000-01-06,1.0329
2000-01-07,1.0355
2000-01-10,1.0411
2000-01-11,1.0282
2000-01-13,1.0286
2000-01-14,1.0293
2000-01-17,1.0276
2000-01-18,1.019
2000-01-19,1.0103
2000-01-20,1.0082
2000-01-21,1.0105
2000-01-24,1.0084
2000-01-25,1.0126
2000-01-26,1.0036
2000-01-27,1.0016
2000-01-28,1.0024
2000-01-31,0.9958
2000-02-01,0.9847
2000-02-02,0.9809
2000-02-03,0.9705
2000-02-04,0.9722
2000-02-07,0.9742
2000-02-08,0.9845
2000-02-09,0.9774
2000-02-10,0.9896
2000-02-11,0.9915
2000-02-14,0.9862
2000-02-15,0.9811
2000-02-16,0.9802
2000-02-17,0.9771
2000-02-18,0.98
2000-02-21,0.9917
2000-02-22,0.9861
2000-02-23,0.9861
2000-02-24,1.0063
2000-02-25,1.0051
2000-02-28,0.9907
2000-02-29,0.9739
2000-03-01,0.9677
2000-03-02,0.9715
2000-03-03,0.9704
2000-03-06,0.9726
2000-03-07,0.966
2000-03-09,0.957
2000-03-10,0.957
2000-03-13,0.9613
2000-03-14,0.9601
2000-03-15,0.9702
2000-03-16,0.9619
2000-03-17,0.965
2000-03-20,0.9662
2000-03-21,0.9718
2000-03-22,0.9705
2000-03-23,0.9706
2000-03-24,0.9601
2000-03-27,0.9661
2000-03-28,0.9702
2000-03-29,0.9718
2000-03-30,0.9679
2000-03-31,0.9485
2000-04-03,0.9533
2000-04-04,0.9556
2000-04-05,0.9564
2000-04-06,0.9542
2000-04-07,0.968
2000-04-11,0.968
2000-04-12,0.9626
2000-04-13,0.9588
2000-04-14,0.9574
2000-04-17,0.9538
2000-04-18,0.9611
2000-04-19,0.9551
2000-04-20,0.947
2000-04-21,0.9466
2000-04-26,0.9391
2000-04-27,0.9266
2000-04-28,0.9225
2000-05-01,0.9198
2000-05-02,0.9099
2000-05-03,0.9121
2000-05-04,0.9114
2000-05-05,0.8916
2000-05-08,0.8947
2000-05-09,0.8999
2000-05-10,0.895
2000-05-11,0.8971
2000-05-12,0.9099
2000-05-15,0.9088
2000-05-16,0.9035
2000-05-17,0.9144
2000-05-18,0.9044
2000-05-19,0.8928
2000-05-22,0.8931
2000-05-23,0.8892
2000-05-24,0.9
2000-05-25,0.9094
2000-05-26,0.9101
2000-05-29,0.9003
2000-05-30,0.9129
2000-05-31,0.9257
2000-06-01,0.9338
2000-06-02,0.9307
2000-06-05,0.9314
2000-06-06,0.9428
2000-06-07,0.9478
2000-06-08,0.9494
2000-06-09,0.9551
2000-06-12,0.966
2000-06-13,0.9501
2000-06-14,0.9529
2000-06-15,0.9606
2000-06-16,0.9639
2000-06-19,0.9523
2000-06-20,0.9579
2000-06-21,0.9625
2000-06-22,0.9557
2000-06-23,0.9454
2000-06-26,0.9404
2000-06-27,0.9415
2000-06-28,0.9332
2000-06-29,0.9391
2000-06-30,0.9409
2000-07-03,0.9509
2000-07-04,0.9557
2000-07-05,0.9488
2000-07-06,0.9482
2000-07-07,0.955
2000-07-10,0.954
2000-07-11,0.9483
2000-07-12,0.9379
2000-07-13,0.9512
2000-07-14,0.943
2000-07-17,0.9363
2000-07-18,0.9365
2000-07-19,0.9347
2000-07-20,0.935
2000-07-21,0.9216
2000-07-24,0.923
2000-07-25,0.935
2000-07-26,0.9328
2000-07-27,0.9403
2000-07-28,0.9392
2000-07-31,0.9383
2000-08-01,0.9228
2000-08-02,0.9239
2000-08-03,0.926
2000-08-04,0.9141
2000-08-07,0.9027
2000-08-08,0.9016
2000-08-09,0.9092
2000-08-10,0.904
2000-08-11,0.8972
2000-08-14,0.9031
2000-08-15,0.9038
2000-08-16,0.9025
2000-08-18,0.9073
2000-08-21,0.9151
2000-08-22,0.9104
2000-08-23,0.9025
2000-08-24,0.8964
2000-08-25,0.8929
2000-08-28,0.9005
2000-08-29,0.9019
2000-08-30,0.9005
2000-08-31,0.8952
2000-09-01,0.8908
2000-09-04,0.8915
2000-09-05,0.8903
2000-09-06,0.8994
2000-09-07,0.8883
2000-09-08,0.8795
2000-09-11,0.8684
2000-09-12,0.8727
2000-09-13,0.8603
2000-09-14,0.8605
2000-09-15,0.8641
2000-09-18,0.8687
2000-09-19,0.8627
2000-09-20,0.854
2000-09-21,0.854
2000-09-22,0.8471
2000-09-25,0.8527
2000-09-26,0.8882
2000-09-27,0.8759
2000-09-28,0.876
2000-09-29,0.8842
2000-10-02,0.8826
2000-10-03,0.8753
2000-10-04,0.8786
2000-10-05,0.8758
2000-10-06,0.8737
2000-10-09,0.8781
2000-10-10,0.8716
2000-10-11,0.8705
2000-10-12,0.8693
2000-10-13,0.8708
2000-10-16,0.8725
2000-10-17,0.8626
2000-10-18,0.8505
2000-10-19,0.8493
2000-10-20,0.8526
2000-10-23,0.8407
2000-10-24,0.8416
2000-10-25,0.8381
2000-10-26,0.8383
2000-10-27,0.8297
2000-10-30,0.8251
2000-10-31,0.834
2000-11-01,0.8494
2000-11-02,0.8408
2000-11-03,0.8547
2000-11-06,0.8652
2000-11-07,0.8652
2000-11-08,0.8663
2000-11-09,0.8596
2000-11-10,0.8561
2000-11-13,0.8519
2000-11-14,0.8519
2000-11-15,0.8622
2000-11-16,0.8582
2000-11-17,0.8595
2000-11-20,0.8562
2000-11-21,0.8537
2000-11-22,0.8482
2000-11-23,0.8483
2000-11-24,0.8428
2000-11-27,0.8429
2000-11-28,0.8438
2000-11-29,0.8392
2000-11-30,0.8392
2000-12-01,0.8628
2000-12-04,0.8671
2000-12-05,0.874
2000-12-06,0.8915
2000-12-07,0.8816
2000-12-08,0.8839
2000-12-11,0.8942
2000-12-12,0.8942
2000-12-13,0.8796
2000-12-14,0.878
2000-12-15,0.8749
2000-12-18,0.8837
2000-12-19,0.8963
2000-12-20,0.896
2000-12-21,0.8893
2000-12-22,0.9051
2000-12-26,0.924
2000-12-28,0.9285
2000-12-29,0.9295
2001-01-02,0.9281
2001-01-03,0.9294
2001-01-04,0.943
2001-01-05,0.9537
2001-01-08,0.9427
2001-01-09,0.9527
2001-01-10,0.9495
2001-01-11,0.9495
2001-01-12,0.9406
2001-01-15,0.9517
2001-01-16,0.9538
2001-01-17,0.9538
2001-01-18,0.9407
2001-01-19,0.9383
2001-01-22,0.9408
2001-01-23,0.9414
2001-01-24,0.9308
2001-01-25,0.9383
2001-01-26,0.9226
2001-01-29,0.9137
2001-01-30,0.9271
2001-01-31,0.9192
2001-02-01,0.9193
2001-02-02,0.9284
2001-02-05,0.9419
2001-02-06,0.9414
2001-02-07,0.9407
2001-02-08,0.9337
2001-02-09,0.9317
2001-02-12,0.9219
2001-02-13,0.9229
2001-02-14,0.9274
2001-02-15,0.9183
2001-02-16,0.9182
2001-02-19,0.9074
2001-02-20,0.9106
2001-02-21,0.9216
2001-02-22,0.9051
2001-02-23,0.913
2001-02-26,0.9062
2001-02-27,0.9038
2001-02-28,0.9038
2001-03-01,0.9038
2001-03-02,0.9227
2001-03-05,0.9262
2001-03-06,0.9364
2001-03-07,0.9297
2001-03-08,0.9271
2001-03-09,0.9315
2001-03-12,0.9324
2001-03-13,0.9345
2001-03-14,0.9264
2001-03-15,0.9211
2001-03-16,0.9174
2001-03-19,0.9067
2001-03-20,0.894
2001-03-21,0.8998
2001-03-22,0.9011
2001-03-23,0.8987
2001-03-26,0.8893
2001-03-27,0.8943
2001-03-28,0.8928
2001-03-29,0.8955
2001-03-30,0.886
2001-04-02,0.8832
2001-04-03,0.8827
2001-04-04,0.8772
2001-04-05,0.8854
2001-04-06,0.9025
2001-04-09,0.9015
2001-04-10,0.8972
2001-04-11,0.9004
2001-04-12,0.8944
2001-04-13,0.8848
2001-04-16,0.885
2001-04-18,0.8842
2001-04-19,0.879
2001-04-20,0.8772
2001-04-23,0.8827
2001-04-24,0.8959
2001-04-25,0.9009
2001-04-26,0.8975
2001-04-27,0.8943
2001-04-30,0.9007
2001-05-01,0.9025
2001-05-02,0.8881
2001-05-04,0.8903
2001-05-07,0.8898
2001-05-08,0.8934
2001-05-09,0.8919
2001-05-10,0.8845
2001-05-11,0.8819
2001-05-14,0.8901
2001-05-15,0.8773
2001-05-16,0.8744
2001-05-17,0.8768
2001-05-18,0.8831
2001-05-21,0.8806
2001-05-22,0.877
2001-05-23,0.8751
2001-05-24,0.8678
2001-05-25,0.858
2001-05-28,0.8594
2001-05-29,0.8584
2001-05-30,0.8598
2001-05-31,0.8544
2001-06-01,0.8575
2001-06-04,0.8477
2001-06-05,0.8457
2001-06-06,0.8507
2001-06-07,0.8461
2001-06-08,0.8508
2001-06-11,0.8478
2001-06-12,0.8468
2001-06-13,0.846
2001-06-14,0.8475
2001-06-15,0.8547
2001-06-18,0.8504
2001-06-19,0.8662
2001-06-20,0.8583
2001-06-21,0.8554
2001-06-22,0.8497
2001-06-25,0.8535
2001-06-26,0.8526
2001-06-27,0.8594
2001-06-28,0.8609
2001-06-29,0.8613
2001-07-02,0.85
2001-07-03,0.8482
2001-07-04,0.845
2001-07-05,0.8493
2001-07-06,0.8448
2001-07-09,0.842
2001-07-10,0.8413
2001-07-11,0.8454
2001-07-12,0.8542
2001-07-13,0.8607
2001-07-16,0.8537
2001-07-17,0.8542
2001-07-18,0.8575
2001-07-19,0.8512
2001-07-20,0.8625
2001-07-23,0.8718
2001-07-24,0.8763
2001-07-25,0.8666
2001-07-26,0.87
2001-07-27,0.8805
2001-07-30,0.8772
2001-07-31,0.8771
2001-08-01,0.8751
2001-08-02,0.8749
2001-08-03,0.8812
2001-08-06,0.8801
2001-08-07,0.8785
2001-08-08,0.8802
2001-08-09,0.8802
2001-08-10,0.876
2001-08-13,0.8869
2001-08-14,0.8934
2001-08-15,0.8988
2001-08-16,0.8949
2001-08-20,0.9137
2001-08-21,0.914
2001-08-22,0.9145
2001-08-23,0.9135
2001-08-24,0.9207
2001-08-27,0.9118
2001-08-28,0.9111
2001-08-29,0.9088
2001-08-30,0.9036
2001-08-31,0.9109
2001-09-03,0.9101
2001-09-04,0.9149
2001-09-05,0.907
2001-09-06,0.8979
2001-09-07,0.8892
2001-09-10,0.8849
2001-09-11,0.9019
2001-09-12,0.9028
2001-09-13,0.8966
2001-09-14,0.9059
2001-09-17,0.9062
2001-09-18,0.9212
2001-09-19,0.9265
2001-09-20,0.921
2001-09-21,0.9243
2001-09-24,0.9263
2001-09-25,0.9192
2001-09-26,0.9165
2001-09-27,0.9174
2001-09-28,0.9215
2001-10-01,0.9186
2001-10-02,0.9136
2001-10-03,0.9153
2001-10-04,0.9166
2001-10-05,0.9213
2001-10-08,0.9145
2001-10-09,0.918
2001-10-10,0.9211
2001-10-11,0.9182
2001-10-12,0.9145
2001-10-15,0.902
2001-10-16,0.9049
2001-10-17,0.9079
2001-10-18,0.9039
2001-10-19,0.9032
2001-10-22,0.9031
2001-10-23,0.9003
2001-10-24,0.8954
2001-10-25,0.8891
2001-10-26,0.8914
2001-10-29,0.8915
2001-10-30,0.8913
2001-10-31,0.9006
2001-11-01,0.9061
2001-11-02,0.9034
2001-11-05,0.9086
2001-11-06,0.9053
2001-11-07,0.8962
2001-11-08,0.8976
2001-11-09,0.899
2001-11-12,0.899
2001-11-13,0.8922
2001-11-14,0.8913
2001-11-15,0.8843
2001-11-16,0.8791
2001-11-19,0.8824
2001-11-20,0.8839
2001-11-21,0.8786
2001-11-22,0.8823
2001-11-23,0.8791
2001-11-26,0.8776
2001-11-27,0.8787
2001-11-28,0.8814
2001-11-29,0.8781
2001-11-30,0.8781
2001-12-03,0.8885
2001-12-04,0.8894
2001-12-05,0.8923
2001-12-06,0.8904
2001-12-07,0.8916
2001-12-10,0.887
2001-12-11,0.8898
2001-12-12,0.8856
2001-12-13,0.8904
2001-12-14,0.8936
2001-12-17,0.8979
2001-12-18,0.9015
2001-12-19,0.9049
2001-12-20,0.9012
2001-12-21,0.8975
2001-12-24,0.8967
2001-12-26,0.8788
2001-12-27,0.8788
2001-12-28,0.8768
2001-12-31,0.8819
2002-01-02,0.881
2002-01-03,0.8852
2002-01-04,0.9037
2002-01-07,0.9041
2002-01-08,0.8958
2002-01-09,0.8958
2002-01-10,0.8891
2002-01-11,0.8921
2002-01-14,0.8906
2002-01-15,0.8918
2002-01-16,0.8916
2002-01-17,0.8915
2002-01-18,0.8811
2002-01-21,0.8811
2002-01-22,0.8815
2002-01-23,0.8837
2002-01-24,0.8827
2002-01-25,0.8853
2002-01-28,0.8756
2002-01-29,0.8661
2002-01-30,0.8578
2002-01-31,0.8613
2002-02-01,0.8647
2002-02-04,0.8632
2002-02-05,0.863
2002-02-06,0.8641
2002-02-07,0.8675
2002-02-08,0.8662
2002-02-11,0.8662
2002-02-12,0.8742
2002-02-13,0.8742
2002-02-14,0.8742
2002-02-15,0.8717
2002-02-18,0.8717
2002-02-19,0.8687
2002-02-20,0.8708
2002-02-21,0.8684
2002-02-22,0.8735
2002-02-25,0.8702
2002-02-26,0.8702
2002-02-27,0.8724
2002-02-28,0.8685
2002-03-01,0.8649
2002-03-04,0.8648
2002-03-05,0.8675
2002-03-06,0.8666
2002-03-07,0.86795
2002-03-08,0.8747
2002-03-11,0.8793
2002-03-12,0.8758
2002-03-13,0.8753
2002-03-14,0.8739
2002-03-15,0.87465
2002-03-18,0.8814
2002-03-19,0.88485
2002-03-20,0.8799
2002-03-21,0.8829
2002-03-22,0.8849
2002-03-25,0.8824
2002-03-26,0.8805
2002-03-27,0.8765
2002-03-28,0.8743
2002-04-01,0.8721
2002-04-02,0.8721
2002-04-03,0.8795
2002-04-04,0.8805
2002-04-05,0.881
2002-04-08,0.8776
2002-04-09,0.8791
2002-04-10,0.8748
2002-04-11,0.8764
2002-04-12,0.8799
2002-04-15,0.8826
2002-04-16,0.8791
2002-04-17,0.8803
2002-04-18,0.8831
2002-04-19,0.8903
2002-04-22,0.8896
2002-04-23,0.8909
2002-04-24,0.8882
2002-04-25,0.8899
2002-04-26,0.8915
2002-04-29,0.8977
2002-04-30,0.8979
2002-05-01,0.9024
2002-05-02,0.9023
2002-05-03,0.9023
2002-05-06,0.9027
2002-05-07,0.9133
2002-05-08,0.9162
2002-05-09,0.9152
2002-05-10,0.9093
2002-05-13,0.9085
2002-05-14,0.9132
2002-05-15,0.9123
2002-05-16,0.9031
2002-05-17,0.9073
2002-05-20,0.9132
2002-05-21,0.9194
2002-05-22,0.9202
2002-05-23,0.9184
2002-05-24,0.9254
2002-05-27,0.9214
2002-05-28,0.9218
2002-05-29,0.9205
2002-05-30,0.9287
2002-05-31,0.9321
2002-06-03,0.9376
2002-06-04,0.9342
2002-06-05,0.932
2002-06-06,0.9425
2002-06-07,0.9372
2002-06-10,0.9458
2002-06-11,0.9439
2002-06-12,0.9439
2002-06-13,0.9423
2002-06-14,0.9446
2002-06-17,0.9456
2002-06-18,0.9487
2002-06-19,0.9428
2002-06-20,0.9481
2002-06-21,0.9568
2002-06-24,0.9623
2002-06-25,0.9661
2002-06-26,0.9786
2002-06-27,0.9725
2002-06-28,0.9908
2002-07-01,0.986
2002-07-02,0.991
2002-07-03,0.9871
2002-07-04,0.9839
2002-07-05,0.9789
2002-07-08,0.9769
2002-07-09,0.9734
2002-07-10,0.9849
2002-07-11,0.9931
2002-07-12,0.991
2002-07-15,0.9864
2002-07-16,0.9913
2002-07-17,1.0071
2002-07-18,1.0107
2002-07-19,1.0043
2002-07-22,1.007
2002-07-23,1.0163
2002-07-24,1.0062
2002-07-25,0.9922
2002-07-26,0.9937
2002-07-29,1.0011
2002-07-30,0.9926
2002-07-31,0.9803
2002-08-01,0.9876
2002-08-02,0.9777
2002-08-05,0.9839
2002-08-06,0.9863
2002-08-07,0.9868
2002-08-08,0.9679
2002-08-09,0.9697
2002-08-12,0.9694
2002-08-13,0.9693
2002-08-14,0.9769
2002-08-15,0.9774
2002-08-16,0.9869
2002-08-19,0.9816
2002-08-20,0.9836
2002-08-21,0.9762
2002-08-22,0.9757
2002-08-23,0.9794
2002-08-26,0.9756
2002-08-27,0.9713
2002-08-28,0.971
2002-08-29,0.9741
2002-08-30,0.9809
2002-09-02,0.9856
2002-09-03,0.9819
2002-09-04,0.9842
2002-09-05,0.9913
2002-09-06,0.9928
2002-09-09,0.9944
2002-09-10,0.9835
2002-09-11,0.9818
2002-09-12,0.974
2002-09-13,0.9746
2002-09-16,0.9749
2002-09-17,0.9821
2002-09-18,0.9705
2002-09-19,0.9639
2002-09-20,0.9741
2002-09-23,0.9816
2002-09-24,0.9805
2002-09-25,0.9825
2002-09-26,0.9826
2002-09-27,0.978
2002-09-30,0.9744
2002-10-01,0.9778
2002-10-02,0.9886
2002-10-03,0.9841
2002-10-04,0.9854
2002-10-07,0.9866
2002-10-08,0.9827
2002-10-09,0.9822
2002-10-10,0.9785
2002-10-11,0.9829
2002-10-14,0.9862
2002-10-15,0.9874
2002-10-16,0.9869
2002-10-17,0.9817
2002-10-18,0.9821
2002-10-21,0.9743
2002-10-22,0.9732
2002-10-23,0.9746
2002-10-24,0.978
2002-10-25,0.9755
2002-10-28,0.9732
2002-10-29,0.9773
2002-10-30,0.9776
2002-10-31,0.9825
2002-11-01,0.9825
2002-11-04,0.9883
2002-11-05,0.9974
2002-11-06,0.9981
2002-11-07,1.0019
2002-11-08,0.9955
2002-11-11,1.0044
2002-11-12,1.0023
2002-11-13,1.0107
2002-11-14,1.0077
2002-11-15,1.0059
2002-11-18,1.0059
2002-11-19,1.0034
2002-11-20,1.0082
2002-11-21,1.012
2002-11-22,1.0018
2002-11-25,1.0005
2002-11-26,0.9987
2002-11-27,0.9939
2002-11-28,0.9903
2002-11-29,0.9893
2002-12-02,0.995
2002-12-03,0.9931
2002-12-04,0.9897
2002-12-05,0.9969
2002-12-06,0.9998
2002-12-09,1.001
2002-12-10,1.007
2002-12-11,1.0076
2002-12-12,1.0096
2002-12-13,1.0078
2002-12-16,1.0184
2002-12-17,1.022
2002-12-18,1.0213
2002-12-19,1.0323
2002-12-20,1.0273
2002-12-23,1.0264
2002-12-24,1.0257
2002-12-26,1.0285
2002-12-27,1.0303
2002-12-30,1.034
2002-12-31,1.0387
2003-01-02,1.0479
2003-01-03,1.0492
2003-01-06,1.0372
2003-01-07,1.0417
2003-01-08,1.0468
2003-01-09,1.0419
2003-01-10,1.0378
2003-01-13,1.0483
2003-01-14,1.055
2003-01-15,1.0543
2003-01-16,1.0586
2003-01-17,1.057
2003-01-20,1.0574
2003-01-21,1.0657
2003-01-22,1.0663
2003-01-23,1.0655
2003-01-24,1.0706
2003-01-27,1.0762
2003-01-28,1.0814
2003-01-29,1.0818
2003-01-30,1.0823
2003-01-31,1.0869
2003-02-03,1.0738
2003-02-04,1.0774
2003-02-05,1.0764
2003-02-06,1.0849
2003-02-07,1.0857
2003-02-10,1.0831
2003-02-11,1.0775
2003-02-12,1.0782
2003-02-13,1.0679
2003-02-14,1.0725
2003-02-17,1.0786
2003-02-18,1.0797
2003-02-19,1.0724
2003-02-20,1.0722
2003-02-21,1.0721
2003-02-24,1.0796
2003-02-25,1.0825
2003-02-26,1.0756
2003-02-27,1.0771
2003-02-28,1.0756
2003-03-03,1.0775
2003-03-04,1.0787
2003-03-05,1.0809
2003-03-06,1.0903
2003-03-07,1.0964
2003-03-10,1.0984
2003-03-11,1.1057
2003-03-12,1.106
2003-03-13,1.1051
2003-03-14,1.1029
2003-03-17,1.0894
2003-03-18,1.0797
2003-03-19,1.0707
2003-03-20,1.0635
2003-03-21,1.0601
2003-03-24,1.0632
2003-03-25,1.0558
2003-03-26,1.0644
2003-03-27,1.0689
2003-03-28,1.069
2003-03-31,1.0706
2003-04-01,1.0768
2003-04-02,1.0891
2003-04-03,1.0877
2003-04-04,1.0793
2003-04-07,1.0739
2003-04-08,1.072
2003-04-09,1.0605
2003-04-10,1.0699
2003-04-11,1.0683
2003-04-14,1.0808
2003-04-15,1.0752
2003-04-16,1.0769
2003-04-17,1.0787
2003-04-18,1.0846
2003-04-22,1.0877
2003-04-23,1.0854
2003-04-24,1.0972
2003-04-25,1.0954
2003-04-28,1.0999
2003-04-29,1.1001
2003-04-30,1.1019
2003-05-01,1.0938
2003-05-02,1.1156
2003-05-05,1.1233
2003-05-06,1.1226
2003-05-07,1.1272
2003-05-08,1.1327
2003-05-09,1.1375
2003-05-12,1.1437
2003-05-13,1.1489
2003-05-14,1.1546
2003-05-15,1.1505
2003-05-16,1.1497
2003-05-19,1.1463
2003-05-20,1.1538
2003-05-21,1.1683
2003-05-22,1.1658
2003-05-23,1.1708
2003-05-26,1.1687
2003-05-27,1.1773
2003-05-28,1.1847
2003-05-29,1.1871
2003-05-30,1.1772
2003-06-02,1.1909
2003-06-03,1.1779
2003-06-04,1.17
2003-06-05,1.1716
2003-06-06,1.1697
2003-06-09,1.1844
2003-06-10,1.1713
2003-06-11,1.1778
2003-06-12,1.1688
2003-06-13,1.1769
2003-06-16,1.1769
2003-06-17,1.1828
2003-06-18,1.1853
2003-06-19,1.1799
2003-06-20,1.1689
2003-06-23,1.1734
2003-06-24,1.1611
2003-06-25,1.1554
2003-06-26,1.1517
2003-06-27,1.1556
2003-06-30,1.1432
2003-07-01,1.1447
2003-07-02,1.1516
2003-07-03,1.1592
2003-07-04,1.1547
2003-07-07,1.1486
2003-07-08,1.1477
2003-07-09,1.1358
2003-07-10,1.1332
2003-07-11,1.1342
2003-07-14,1.1329
2003-07-15,1.1291
2003-07-16,1.1274
2003-07-17,1.1179
2003-07-18,1.1214
2003-07-21,1.12
2003-07-22,1.1289
2003-07-23,1.1327
2003-07-24,1.1338
2003-07-25,1.1406
2003-07-28,1.1428
2003-07-29,1.1466
2003-07-30,1.1493
2003-07-31,1.1484
2003-08-01,1.1396
2003-08-04,1.1271
2003-08-05,1.1238
2003-08-06,1.1332
2003-08-07,1.1333
2003-08-08,1.1394
2003-08-11,1.1396
2003-08-12,1.134
2003-08-13,1.1317
2003-08-14,1.1298
2003-08-15,1.1285
2003-08-18,1.1258
2003-08-19,1.1265
2003-08-20,1.116
2003-08-21,1.1092
2003-08-22,1.1142
2003-08-25,1.0986
2003-08-26,1.0863
2003-08-27,1.0902
2003-08-28,1.0903
2003-08-29,1.0884
2003-09-01,1.0875
2003-09-02,1.0962
2003-09-03,1.0975
2003-09-04,1.086
2003-09-05,1.0806
2003-09-08,1.0919
2003-09-09,1.1033
2003-09-10,1.1068
2003-09-11,1.1135
2003-09-12,1.1194
2003-09-15,1.1186
2003-09-16,1.1297
2003-09-17,1.1294
2003-09-18,1.1242
2003-09-19,1.1226
2003-09-22,1.127
2003-09-23,1.1323
2003-09-24,1.1481
2003-09-25,1.1471
2003-09-26,1.1456
2003-09-29,1.1507
2003-09-30,1.1479
2003-10-01,1.1453
2003-10-02,1.1665
2003-10-03,1.1718
2003-10-06,1.1685
2003-10-07,1.158
2003-10-08,1.1635
2003-10-09,1.176
2003-10-10,1.1807
2003-10-13,1.1751
2003-10-14,1.1804
2003-10-15,1.1687
2003-10-16,1.1685
2003-10-17,1.1665
2003-10-20,1.159
2003-10-21,1.1632
2003-10-22,1.1671
2003-10-23,1.1656
2003-10-24,1.1753
2003-10-27,1.1769
2003-10-28,1.1816
2003-10-29,1.1744
2003-10-30,1.1679
2003-10-31,1.1693
2003-11-03,1.1707
2003-11-04,1.1626
2003-11-05,1.1604
2003-11-06,1.1485
2003-11-07,1.1488
2003-11-10,1.1409
2003-11-11,1.1388
2003-11-12,1.1502
2003-11-13,1.1497
2003-11-14,1.1593
2003-11-17,1.1718
2003-11-18,1.1795
2003-11-19,1.1793
2003-11-20,1.1776
2003-11-21,1.1943
2003-11-24,1.1927
2003-11-25,1.1908
2003-11-26,1.1822
2003-11-27,1.1797
2003-11-28,1.185
2003-12-01,1.1897
2003-12-02,1.2003
2003-12-03,1.2
2003-12-04,1.2086
2003-12-05,1.2097
2003-12-08,1.212
2003-12-09,1.2115
2003-12-10,1.2215
2003-12-11,1.2243
2003-12-12,1.2244
2003-12-15,1.2154
2003-12-16,1.2292
2003-12-17,1.2264
2003-12-18,1.2329
2003-12-19,1.2383
2003-12-22,1.2392
2003-12-23,1.2395
2003-12-24,1.2413
2003-12-26,1.2405
2003-12-29,1.2429
2003-12-30,1.2456
2004-01-02,1.2578
2004-01-05,1.2665
2004-01-06,1.2792
2004-01-07,1.2692
2004-01-08,1.2705
2004-01-09,1.2817
2004-01-12,1.2815
2004-01-13,1.2761
2004-01-14,1.2646
2004-01-15,1.2635
2004-01-16,1.2508
2004-01-19,1.2408
2004-01-20,1.2501
2004-01-21,1.259
2004-01-22,1.2712
2004-01-23,1.268
2004-01-26,1.2587
2004-01-27,1.255
2004-01-28,1.2569
2004-01-29,1.2442
2004-01-30,1.2427
2004-02-02,1.2464
2004-02-03,1.2555
2004-02-04,1.2527
2004-02-05,1.259
2004-02-06,1.266
2004-02-09,1.2729
2004-02-10,1.2761
2004-02-11,1.2677
2004-02-12,1.281
2004-02-13,1.2862
2004-02-16,1.2759
2004-02-17,1.2824
2004-02-18,1.2861
2004-02-19,1.2666
2004-02-20,1.2664
2004-02-23,1.2573
2004-02-24,1.2585
2004-02-25,1.261
2004-02-26,1.244
2004-02-27,1.2418
2004-03-01,1.2508
2004-03-02,1.2394
2004-03-03,1.2162
2004-03-04,1.2166
2004-03-05,1.2368
2004-03-08,1.2364
2004-03-09,1.2371
2004-03-10,1.2262
2004-03-11,1.2262
2004-03-12,1.2243
2004-03-15,1.2266
2004-03-16,1.2344
2004-03-17,1.222
2004-03-18,1.2257
2004-03-19,1.2346
2004-03-22,1.2346
2004-03-23,1.2297
2004-03-24,1.2189
2004-03-25,1.2122
2004-03-26,1.2182
2004-03-29,1.2162
2004-03-30,1.2193
2004-03-31,1.2249
2004-04-01,1.2364
2004-04-02,1.2204
2004-04-05,1.2016
2004-04-06,1.2072
2004-04-07,1.2131
2004-04-12,1.2057
2004-04-13,1.1937
2004-04-14,1.1909
2004-04-15,1.1939
2004-04-16,1.2006
2004-04-19,1.2042
2004-04-20,1.1906
2004-04-21,1.1872
2004-04-22,1.1906
2004-04-23,1.1833
2004-04-26,1.1871
2004-04-27,1.1867
2004-04-28,1.1865
2004-04-29,1.1944
2004-04-30,1.1981
2004-05-03,1.1962
2004-05-04,1.2083
2004-05-05,1.215
2004-05-06,1.2085
2004-05-07,1.197
2004-05-10,1.1827
2004-05-11,1.1817
2004-05-12,1.1916
2004-05-13,1.1841
2004-05-14,1.1892
2004-05-17,1.2056
2004-05-18,1.198
2004-05-19,1.2014
2004-05-20,1.1933
2004-05-21,1.2045
2004-05-24,1.1958
2004-05-25,1.2115
2004-05-26,1.2106
2004-05-27,1.2248
2004-05-28,1.2228
2004-05-31,1.2211
2004-06-01,1.2232
2004-06-02,1.2276
2004-06-03,1.2226
2004-06-04,1.2228
2004-06-07,1.2323
2004-06-08,1.2276
2004-06-09,1.2161
2004-06-10,1.206
2004-06-11,1.2018
2004-06-14,1.2057
2004-06-15,1.2103
2004-06-16,1.2062
2004-06-17,1.2036
2004-06-18,1.2083
2004-06-21,1.2081
2004-06-22,1.2097
2004-06-23,1.2095
2004-06-24,1.216
2004-06-25,1.2141
2004-06-28,1.2211
2004-06-29,1.2146
2004-06-30,1.2182
2004-07-01,1.2174
2004-07-02,1.2287
2004-07-05,1.2291
2004-07-06,1.2304
2004-07-07,1.2362
2004-07-08,1.2378
2004-07-09,1.2383
2004-07-12,1.2408
2004-07-13,1.2322
2004-07-14,1.2412
2004-07-15,1.2357
2004-07-16,1.2429
2004-07-19,1.242
2004-07-20,1.2369
2004-07-21,1.2283
2004-07-22,1.2277
2004-07-23,1.2162
2004-07-26,1.215
2004-07-27,1.2146
2004-07-28,1.2046
2004-07-29,1.2014
2004-07-30,1.2099
2004-08-02,1.2026
2004-08-03,1.2045
2004-08-04,1.1991
2004-08-05,1.2034
2004-08-06,1.2251
2004-08-09,1.227
2004-08-10,1.2283
2004-08-11,1.2204
2004-08-12,1.2243
2004-08-13,1.2331
2004-08-16,1.2343
2004-08-17,1.2325
2004-08-18,1.2311
2004-08-19,1.2346
2004-08-20,1.2303
2004-08-23,1.2229
2004-08-24,1.2113
2004-08-25,1.2085
2004-08-26,1.2086
2004-08-27,1.2072
2004-08-30,1.2027
2004-08-31,1.2109
2004-09-01,1.2185
2004-09-02,1.2172
2004-09-03,1.2087
2004-09-06,1.2072
2004-09-07,1.207
2004-09-08,1.2044
2004-09-09,1.2176
2004-09-10,1.229
2004-09-13,1.2244
2004-09-14,1.226
2004-09-15,1.2151
2004-09-16,1.2141
2004-09-17,1.2197
2004-09-20,1.2138
2004-09-21,1.2268
2004-09-22,1.2239
2004-09-23,1.2315
2004-09-24,1.2315
2004-09-27,1.2275
2004-09-28,1.2338
2004-09-29,1.2329
2004-09-30,1.2395
2004-10-01,1.2408
2004-10-04,1.2283
2004-10-05,1.231
2004-10-06,1.2275
2004-10-07,1.2298
2004-10-08,1.2394
2004-10-11,1.2397
2004-10-12,1.2304
2004-10-13,1.2237
2004-10-14,1.2366
2004-10-15,1.2467
2004-10-18,1.2494
2004-10-19,1.2497
2004-10-20,1.2605
2004-10-21,1.2606
2004-10-22,1.2613
2004-10-25,1.2776
2004-10-26,1.28
2004-10-27,1.2799
2004-10-28,1.2746
2004-10-29,1.2742
2004-11-01,1.2752
2004-11-02,1.2713
2004-11-03,1.2757
2004-11-04,1.2868
2004-11-05,1.2862
2004-11-08,1.2923
2004-11-09,1.2904
2004-11-10,1.2977
2004-11-11,1.2894
2004-11-12,1.2921
2004-11-15,1.2952
2004-11-16,1.297
2004-11-17,1.3035
2004-11-18,1.3023
2004-11-19,1.3044
2004-11-22,1.3028
2004-11-23,1.3079
2004-11-24,1.3153
2004-11-25,1.3219
2004-11-26,1.3232
2004-11-29,1.324
2004-11-30,1.3282
2004-12-01,1.3293
2004-12-02,1.3326
2004-12-03,1.3346
2004-12-06,1.3436
2004-12-07,1.3463
2004-12-08,1.3263
2004-12-09,1.3289
2004-12-10,1.3191
2004-12-13,1.3277
2004-12-14,1.3293
2004-12-15,1.3396
2004-12-16,1.3357
2004-12-17,1.3246
2004-12-20,1.3392
2004-12-21,1.3394
2004-12-22,1.3375
2004-12-23,1.3455
2004-12-24,1.3534
2004-12-27,1.3536
2004-12-28,1.3637
2004-12-29,1.3602
2004-12-30,1.3582
2004-12-31,1.3554
2005-01-03,1.3516
2005-01-04,1.3362
2005-01-05,1.3236
2005-01-06,1.3182
2005-01-07,1.3226
2005-01-10,1.3096
2005-01-11,1.3149
2005-01-12,1.3128
2005-01-13,1.3247
2005-01-14,1.3112
2005-01-17,1.3087
2005-01-18,1.3067
2005-01-19,1.3072
2005-01-20,1.2952
2005-01-21,1.2967
2005-01-24,1.3065
2005-01-25,1.3023
2005-01-26,1.3016
2005-01-27,1.3031
2005-01-28,1.306
2005-01-31,1.3038
2005-02-01,1.3023
2005-02-02,1.3063
2005-02-03,1.2999
2005-02-04,1.3024
2005-02-07,1.2852
2005-02-08,1.2759
2005-02-09,1.2765
2005-02-10,1.2754
2005-02-11,1.2861
2005-02-14,1.298
2005-02-15,1.3041
2005-02-16,1.3044
2005-02-17,1.3034
2005-02-18,1.3033
2005-02-21,1.3056
2005-02-22,1.3205
2005-02-23,1.3203
2005-02-24,1.3238
2005-02-25,1.3198
2005-02-28,1.3256
2005-03-01,1.3202
2005-03-02,1.3106
2005-03-03,1.3136
2005-03-04,1.3122
2005-03-07,1.319
2005-03-08,1.3249
2005-03-09,1.3348
2005-03-10,1.3426
2005-03-11,1.3465
2005-03-14,1.3386
2005-03-15,1.3393
2005-03-16,1.3403
2005-03-17,1.3354
2005-03-18,1.3282
2005-03-21,1.3189
2005-03-22,1.3185
2005-03-23,1.3006
2005-03-24,1.2939
2005-03-25,1.2959
2005-03-28,1.2889
2005-03-29,1.2921
2005-03-30,1.297
2005-03-31,1.2983
2005-04-01,1.3033
2005-04-04,1.2852
2005-04-05,1.2857
2005-04-06,1.2861
2005-04-07,1.2921
2005-04-08,1.2828
2005-04-11,1.2972
2005-04-12,1.29
2005-04-13,1.2859
2005-04-14,1.2816
2005-04-15,1.2897
2005-04-18,1.2984
2005-04-19,1.2998
2005-04-20,1.3004
2005-04-21,1.3078
2005-04-22,1.3077
2005-04-25,1.2984
2005-04-26,1.2992
2005-04-27,1.297
2005-04-28,1.2908
2005-04-29,1.2933
2005-05-02,1.2861
2005-05-03,1.2885
2005-05-04,1.2952
2005-05-05,1.2953
2005-05-06,1.2852
2005-05-09,1.2829
2005-05-10,1.2864
2005-05-11,1.2801
2005-05-12,1.2815
2005-05-13,1.2649
2005-05-16,1.2637
2005-05-17,1.2636
2005-05-18,1.2615
2005-05-19,1.2627
2005-05-20,1.2563
2005-05-23,1.2573
2005-05-24,1.2606
2005-05-25,1.2606
2005-05-26,1.2542
2005-05-27,1.2543
2005-05-30,1.2473
2005-05-31,1.2344
2005-06-01,1.2244
2005-06-02,1.2246
2005-06-03,1.2279
2005-06-06,1.2283
2005-06-07,1.2267
2005-06-08,1.2315
2005-06-09,1.2239
2005-06-10,1.2188
2005-06-13,1.2055
2005-06-14,1.2054
2005-06-15,1.2108
2005-06-16,1.209
2005-06-17,1.2177
2005-06-20,1.2169
2005-06-21,1.2111
2005-06-22,1.212
2005-06-23,1.2053
2005-06-24,1.2069
2005-06-27,1.2155
2005-06-28,1.2085
2005-06-29,1.2043
2005-06-30,1.2075
2005-07-01,1.2058
2005-07-04,1.1903
2005-07-05,1.1902
2005-07-06,1.1918
2005-07-07,1.1926
2005-07-08,1.1937
2005-07-11,1.2009
2005-07-12,1.2183
2005-07-13,1.2114
2005-07-14,1.2104
2005-07-15,1.2031
2005-07-18,1.2065
2005-07-19,1.1972
2005-07-20,1.2069
2005-07-21,1.2174
2005-07-22,1.2142
2005-07-25,1.206
2005-07-26,1.1997
2005-07-27,1.2025
2005-07-28,1.2094
2005-07-29,1.2136
2005-08-01,1.2225
2005-08-02,1.219
2005-08-03,1.2309
2005-08-04,1.2333
2005-08-05,1.2362
2005-08-08,1.2368
2005-08-09,1.234
2005-08-10,1.2384
2005-08-11,1.2444
2005-08-12,1.2426
2005-08-15,1.2368
2005-08-16,1.2315
2005-08-17,1.23
2005-08-18,1.2189
2005-08-19,1.2165
2005-08-22,1.2236
2005-08-23,1.2218
2005-08-24,1.227
2005-08-25,1.2273
2005-08-26,1.232
2005-08-29,1.2289
2005-08-30,1.2194
2005-08-31,1.2204
2005-09-01,1.2406
2005-09-02,1.2519
2005-09-05,1.2546
2005-09-06,1.2504
2005-09-07,1.2437
2005-09-08,1.2427
2005-09-09,1.2413
2005-09-12,1.2299
2005-09-13,1.227
2005-09-14,1.2307
2005-09-15,1.2224
2005-09-16,1.2229
2005-09-19,1.2147
2005-09-20,1.2157
2005-09-21,1.2222
2005-09-22,1.2198
2005-09-23,1.2078
2005-09-26,1.2026
2005-09-27,1.2013
2005-09-28,1.2027
2005-09-29,1.2017
2005-09-30,1.2047
2005-10-03,1.193
2005-10-04,1.1943
2005-10-05,1.1941
2005-10-06,1.2111
2005-10-07,1.2102
2005-10-10,1.2069
2005-10-11,1.2009
2005-10-12,1.2039
2005-10-13,1.1935
2005-10-14,1.2008
2005-10-17,1.2025
2005-10-18,1.1934
2005-10-19,1.1961
2005-10-20,1.1967
2005-10-21,1.2037
2005-10-24,1.1957
2005-10-25,1.2058
2005-10-26,1.2085
2005-10-27,1.2156
2005-10-28,1.212
2005-10-31,1.2011
2005-11-01,1.2009
2005-11-02,1.201
2005-11-03,1.2009
2005-11-04,1.1955
2005-11-07,1.1805
2005-11-08,1.1741
2005-11-09,1.1765
2005-11-10,1.1777
2005-11-11,1.17
2005-11-14,1.1695
2005-11-15,1.1661
2005-11-16,1.1694
2005-11-17,1.1673
2005-11-18,1.1674
2005-11-21,1.1816
2005-11-22,1.1701
2005-11-23,1.1793
2005-11-24,1.1791
2005-11-25,1.1768
2005-11-28,1.1712
2005-11-29,1.1777
2005-11-30,1.1779
2005-12-01,1.1752
2005-12-02,1.1688
2005-12-05,1.1775
2005-12-06,1.1783
2005-12-07,1.1714
2005-12-08,1.1772
2005-12-09,1.1801
2005-12-12,1.1957
2005-12-13,1.1932
2005-12-14,1.2037
2005-12-15,1.1998
2005-12-16,1.1988
2005-12-19,1.1983
2005-12-20,1.1952
2005-12-21,1.1869
2005-12-22,1.1829
2005-12-23,1.1845
2005-12-26,1.186
2005-12-27,1.1848
2005-12-28,1.1911
2005-12-29,1.1832
2005-12-30,1.1849
2006-01-02,1.1828
2006-01-03,1.1874
2006-01-04,1.2081
2006-01-05,1.2079
2006-01-06,1.2119
2006-01-09,1.2089
2006-01-10,1.2049
2006-01-11,1.2082
2006-01-12,1.2124
2006-01-13,1.2078
2006-01-16,1.2117
2006-01-17,1.207
2006-01-18,1.214
2006-01-19,1.2077
2006-01-20,1.2069
2006-01-23,1.2279
2006-01-24,1.2276
2006-01-25,1.2271
2006-01-26,1.2253
2006-01-27,1.2231
2006-01-30,1.2081
2006-01-31,1.2119
2006-02-01,1.2085
2006-02-02,1.2072
2006-02-03,1.2036
2006-02-06,1.1973
2006-02-07,1.1985
2006-02-08,1.1965
2006-02-09,1.1974
2006-02-10,1.198
2006-02-13,1.1887
2006-02-14,1.1872
2006-02-15,1.1909
2006-02-16,1.1858
2006-02-17,1.187
2006-02-20,1.1937
2006-02-21,1.1907
2006-02-22,1.1888
2006-02-23,1.1958
2006-02-24,1.1909
2006-02-27,1.1853
2006-02-28,1.1884
2006-03-01,1.1953
2006-03-02,1.1931
2006-03-03,1.2025
2006-03-06,1.202
2006-03-07,1.1902
2006-03-08,1.1918
2006-03-09,1.1918
2006-03-10,1.1912
2006-03-13,1.1927
2006-03-14,1.1964
2006-03-15,1.2032
2006-03-16,1.2069
2006-03-17,1.219
2006-03-20,1.2176
2006-03-21,1.2148
2006-03-22,1.2074
2006-03-23,1.206
2006-03-24,1.1972
2006-03-27,1.2024
2006-03-28,1.2082
2006-03-29,1.2007
2006-03-30,1.2086
2006-03-31,1.2104
2006-04-03,1.2064
2006-04-04,1.2261
2006-04-05,1.2297
2006-04-06,1.2233
2006-04-07,1.2197
2006-04-10,1.2117
2006-04-11,1.2131
2006-04-12,1.2115
2006-04-17,1.225
2006-04-18,1.2285
2006-04-19,1.23
2006-04-20,1.233
2006-04-21,1.2318
2006-04-24,1.2341
2006-04-25,1.2433
2006-04-26,1.2438
2006-04-27,1.2475
2006-04-28,1.2557
2006-05-02,1.2649
2006-05-03,1.2621
2006-05-04,1.2636
2006-05-05,1.2741
2006-05-08,1.2713
2006-05-09,1.2748
2006-05-10,1.2789
2006-05-11,1.2739
2006-05-12,1.2893
2006-05-15,1.2822
2006-05-16,1.2857
2006-05-17,1.2843
2006-05-18,1.2809
2006-05-19,1.2714
2006-05-22,1.2765
2006-05-23,1.2833
2006-05-24,1.2842
2006-05-25,1.277
2006-05-26,1.2813
2006-05-29,1.2759
2006-05-30,1.2815
2006-05-31,1.2868
2006-06-01,1.2731
2006-06-02,1.2919
2006-06-05,1.2927
2006-06-06,1.2829
2006-06-07,1.2797
2006-06-08,1.2645
2006-06-09,1.2619
2006-06-12,1.2602
2006-06-13,1.2598
2006-06-14,1.2572
2006-06-15,1.2641
2006-06-16,1.2638
2006-06-19,1.2571
2006-06-20,1.2559
2006-06-21,1.2646
2006-06-22,1.2567
2006-06-23,1.2505
2006-06-26,1.2572
2006-06-27,1.2594
2006-06-28,1.2561
2006-06-29,1.2548
2006-06-30,1.2756
2006-07-03,1.279
2006-07-04,1.2804
2006-07-05,1.2742
2006-07-06,1.2752
2006-07-07,1.2827
2006-07-10,1.2733
2006-07-11,1.2739
2006-07-12,1.2714
2006-07-13,1.2714
2006-07-14,1.2657
2006-07-17,1.2531
2006-07-18,1.2538
2006-07-19,1.2469
2006-07-20,1.2628
2006-07-21,1.2673
2006-07-24,1.2635
2006-07-25,1.2643
2006-07-26,1.2592
2006-07-27,1.2763
2006-07-28,1.2747
2006-07-31,1.2767
2006-08-01,1.2752
2006-08-02,1.2787
2006-08-03,1.2814
2006-08-04,1.2869
2006-08-07,1.2869
2006-08-08,1.2829
2006-08-09,1.288
2006-08-10,1.2836
2006-08-11,1.2729
2006-08-14,1.2736
2006-08-15,1.2784
2006-08-16,1.2863
2006-08-17,1.2866
2006-08-18,1.2806
2006-08-21,1.2891
2006-08-22,1.2808
2006-08-23,1.2822
2006-08-24,1.2815
2006-08-25,1.2761
2006-08-28,1.2801
2006-08-29,1.2802
2006-08-30,1.2829
2006-08-31,1.2865
2006-09-01,1.2763
2006-09-04,1.286
2006-09-05,1.2809
2006-09-06,1.2785
2006-09-07,1.2711
2006-09-08,1.2675
2006-09-11,1.2712
2006-09-12,1.2718
2006-09-13,1.2687
2006-09-14,1.2708
2006-09-15,1.2666
2006-09-18,1.2676
2006-09-19,1.2699
2006-09-20,1.2685
2006-09-21,1.2739
2006-09-22,1.282
2006-09-25,1.277
2006-09-26,1.2673
2006-09-27,1.2691
2006-09-28,1.2697
2006-09-29,1.2653
2006-10-02,1.2694
2006-10-03,1.2735
2006-10-04,1.2685
2006-10-05,1.2687
2006-10-06,1.2605
2006-10-09,1.2598
2006-10-10,1.2532
2006-10-11,1.2548
2006-10-12,1.2534
2006-10-13,1.2524
2006-10-16,1.2533
2006-10-17,1.2545
2006-10-18,1.2524
2006-10-19,1.2564
2006-10-20,1.2629
2006-10-23,1.2545
2006-10-24,1.2538
2006-10-25,1.2573
2006-10-26,1.2664
2006-10-27,1.272
2006-10-30,1.2721
2006-10-31,1.2697
2006-11-01,1.2756
2006-11-02,1.2767
2006-11-03,1.2768
2006-11-06,1.2715
2006-11-07,1.2757
2006-11-08,1.2777
2006-11-09,1.2797
2006-11-10,1.2868
2006-11-13,1.2838
2006-11-14,1.283
2006-11-15,1.278
2006-11-16,1.2808
2006-11-17,1.2779
2006-11-20,1.2843
2006-11-21,1.2815
2006-11-22,1.2887
2006-11-23,1.2887
2006-11-24,1.3078
2006-11-27,1.3114
2006-11-28,1.3142
2006-11-29,1.3154
2006-11-30,1.3202
2006-12-01,1.3247
2006-12-04,1.331
2006-12-05,1.3328
2006-12-06,1.3277
2006-12-07,1.3295
2006-12-08,1.3276
2006-12-11,1.318
2006-12-12,1.3249
2006-12-13,1.3266
2006-12-14,1.3191
2006-12-15,1.3109
2006-12-18,1.3097
2006-12-19,1.3166
2006-12-20,1.3207
2006-12-21,1.318
2006-12-22,1.3195
2006-12-26,1.3136
2006-12-27,1.3164
2006-12-28,1.3194
2006-12-29,1.3175
2007-01-02,1.3277
2007-01-03,1.323
2007-01-04,1.3108
2007-01-05,1.3085
2007-01-08,1.3001
2007-01-09,1.3027
2007-01-10,1.2974
2007-01-11,1.2987
2007-01-12,1.2892
2007-01-15,1.2943
2007-01-16,1.2964
2007-01-17,1.2917
2007-01-18,1.2924
2007-01-19,1.2964
2007-01-22,1.2939
2007-01-23,1.3029
2007-01-24,1.301
2007-01-25,1.2981
2007-01-26,1.2899
2007-01-29,1.2917
2007-01-30,1.2978
2007-01-31,1.2956
2007-02-01,1.3019
2007-02-02,1.3017
2007-02-05,1.2929
2007-02-06,1.2946
2007-02-07,1.2987
2007-02-08,1.2989
2007-02-09,1.3006
2007-02-12,1.2959
2007-02-13,1.302
2007-02-14,1.3084
2007-02-15,1.3138
2007-02-16,1.3135
2007-02-19,1.3138
2007-02-20,1.3142
2007-02-21,1.3143
2007-02-22,1.3106
2007-02-23,1.3132
2007-02-26,1.3163
2007-02-27,1.3227
2007-02-28,1.3214
2007-03-01,1.322
2007-03-02,1.3167
2007-03-05,1.3083
2007-03-06,1.3103
2007-03-07,1.3137
2007-03-08,1.3152
2007-03-09,1.3155
2007-03-12,1.3166
2007-03-13,1.3218
2007-03-14,1.3184
2007-03-15,1.3227
2007-03-16,1.3317
2007-03-19,1.3298
2007-03-20,1.3306
2007-03-21,1.3291
2007-03-22,1.3356
2007-03-23,1.3335
2007-03-26,1.3275
2007-03-27,1.3344
2007-03-28,1.3353
2007-03-29,1.3331
2007-03-30,1.3314
2007-04-02,1.3369
2007-04-03,1.3372
2007-04-04,1.3359
2007-04-09,1.3363
2007-04-10,1.3434
2007-04-11,1.3429
2007-04-12,1.3461
2007-04-13,1.3539
2007-04-16,1.3535
2007-04-17,1.3582
2007-04-18,1.3579
2007-04-19,1.3591
2007-04-20,1.3605
2007-04-23,1.3558
2007-04-24,1.3581
2007-04-25,1.364
2007-04-26,1.3608
2007-04-27,1.3665
2007-04-30,1.3629
2007-05-01,1.3605
2007-05-02,1.3588
2007-05-03,1.3591
2007-05-04,1.3592
2007-05-07,1.3622
2007-05-08,1.3554
2007-05-09,1.3547
2007-05-10,1.3512
2007-05-11,1.3493
2007-05-14,1.3542
2007-05-15,1.3546
2007-05-16,1.3586
2007-05-17,1.3487
2007-05-18,1.3481
2007-05-21,1.3445
2007-05-22,1.3452
2007-05-23,1.349
2007-05-24,1.3447
2007-05-25,1.3454
2007-05-28,1.3456
2007-05-29,1.3508
2007-05-30,1.3426
2007-05-31,1.3468
2007-06-01,1.3429
2007-06-04,1.3486
2007-06-05,1.3532
2007-06-06,1.3499
2007-06-07,1.3472
2007-06-08,1.3357
2007-06-11,1.3345
2007-06-12,1.3338
2007-06-13,1.3298
2007-06-14,1.3297
2007-06-15,1.3338
2007-06-18,1.3408
2007-06-19,1.3404
2007-06-20,1.3427
2007-06-21,1.3395
2007-06-22,1.346
2007-06-25,1.3461
2007-06-26,1.3468
2007-06-27,1.3442
2007-06-28,1.3465
2007-06-29,1.3515
2007-07-02,1.3598
2007-07-03,1.3614
2007-07-04,1.3619
2007-07-05,1.359
2007-07-06,1.3604
2007-07-09,1.3629
2007-07-10,1.3712
2007-07-11,1.3761
2007-07-12,1.3772
2007-07-13,1.3793
2007-07-16,1.3784
2007-07-17,1.3778
2007-07-18,1.3764
2007-07-19,1.3827
2007-07-20,1.3805
2007-07-23,1.3818
2007-07-24,1.3837
2007-07-25,1.3742
2007-07-26,1.3722
2007-07-27,1.3653
2007-07-30,1.3698
2007-07-31,1.3709
2007-08-01,1.3687
2007-08-02,1.3704
2007-08-03,1.3741
2007-08-06,1.3815
2007-08-07,1.3783
2007-08-08,1.3806
2007-08-09,1.3663
2007-08-10,1.3677
2007-08-13,1.3654
2007-08-14,1.358
2007-08-15,1.3476
2007-08-16,1.3418
2007-08-17,1.3497
2007-08-20,1.3475
2007-08-21,1.3498
2007-08-22,1.3472
2007-08-23,1.3563
2007-08-24,1.3633
2007-08-27,1.3654
2007-08-28,1.3659
2007-08-29,1.3646
2007-08-30,1.3625
2007-08-31,1.3691
2007-09-03,1.3632
2007-09-04,1.3558
2007-09-05,1.3586
2007-09-06,1.3652
2007-09-07,1.377
2007-09-10,1.3802
2007-09-11,1.3826
2007-09-12,1.3883
2007-09-13,1.3866
2007-09-14,1.3877
2007-09-17,1.3883
2007-09-18,1.3884
2007-09-19,1.3973
2007-09-20,1.4045
2007-09-21,1.4068
2007-09-24,1.41
2007-09-25,1.4116
2007-09-26,1.4125
2007-09-27,1.4177
2007-09-28,1.4195
2007-10-01,1.4221
2007-10-02,1.4161
2007-10-03,1.4181
2007-10-04,1.4089
2007-10-05,1.4125
2007-10-08,1.4092
2007-10-09,1.4028
2007-10-10,1.4152
2007-10-11,1.4161
2007-10-12,1.4187
2007-10-15,1.4239
2007-10-16,1.4152
2007-10-17,1.4169
2007-10-18,1.4295
2007-10-19,1.429
2007-10-22,1.4209
2007-10-23,1.4255
2007-10-24,1.4251
2007-10-25,1.4325
2007-10-26,1.4374
2007-10-29,1.4389
2007-10-30,1.4405
2007-10-31,1.4448
2007-11-01,1.4428
2007-11-02,1.4484
2007-11-05,1.4476
2007-11-06,1.4544
2007-11-07,1.4701
2007-11-08,1.466
2007-11-09,1.4684
2007-11-12,1.4583
2007-11-13,1.4612
2007-11-14,1.4697
2007-11-15,1.4643
2007-11-16,1.4654
2007-11-19,1.4674
2007-11-20,1.4797
2007-11-21,1.4815
2007-11-22,1.4832
2007-11-23,1.4802
2007-11-26,1.4841
2007-11-27,1.4887
2007-11-28,1.4762
2007-11-29,1.4737
2007-11-30,1.4772
2007-12-03,1.4672
2007-12-04,1.475
2007-12-05,1.4711
2007-12-06,1.457
2007-12-07,1.4639
2007-12-10,1.4717
2007-12-11,1.468
2007-12-12,1.4673
2007-12-13,1.4685
2007-12-14,1.4508
2007-12-17,1.4392
2007-12-18,1.4406
2007-12-19,1.4386
2007-12-20,1.4358
2007-12-21,1.4382
2007-12-24,1.4401
2007-12-26,1.4464
2007-12-27,1.4521
2007-12-28,1.4684
2007-12-31,1.459
2008-01-02,1.4678
2008-01-03,1.4734
2008-01-04,1.4725
2008-01-07,1.4708
2008-01-08,1.4716
2008-01-09,1.4685
2008-01-10,1.4664
2008-01-11,1.4793
2008-01-14,1.4886
2008-01-15,1.4885
2008-01-16,1.4794
2008-01-17,1.4685
2008-01-18,1.4668
2008-01-21,1.4478
2008-01-22,1.4536
2008-01-23,1.4567
2008-01-24,1.47
2008-01-25,1.4699
2008-01-28,1.4741
2008-01-29,1.4772
2008-01-30,1.4812
2008-01-31,1.4861
2008-02-01,1.4916
2008-02-04,1.4817
2008-02-05,1.4684
2008-02-06,1.4609
2008-02-07,1.4521
2008-02-08,1.4513
2008-02-11,1.4548
2008-02-12,1.4525
2008-02-13,1.4583
2008-02-14,1.4618
2008-02-15,1.4677
2008-02-18,1.4637
2008-02-19,1.4744
2008-02-20,1.4656
2008-02-21,1.474
2008-02-22,1.4847
2008-02-25,1.4813
2008-02-26,1.4876
2008-02-27,1.5047
2008-02-28,1.5119
2008-02-29,1.5169
2008-03-03,1.5187
2008-03-04,1.5213
2008-03-05,1.5198
2008-03-06,1.5318
2008-03-07,1.5409
2008-03-10,1.5345
2008-03-11,1.5372
2008-03-12,1.5477
2008-03-13,1.559
2008-03-14,1.5573
2008-03-17,1.5723
2008-03-18,1.5777
2008-03-19,1.5684
2008-03-24,1.5433
2008-03-25,1.5569
2008-03-26,1.5714
2008-03-27,1.5797
2008-03-28,1.5803
2008-03-31,1.5812
2008-04-01,1.5628
2008-04-02,1.5608
2008-04-03,1.5607
2008-04-04,1.574
2008-04-07,1.5702
2008-04-08,1.5691
2008-04-09,1.576
2008-04-10,1.5861
2008-04-11,1.5814
2008-04-14,1.5832
2008-04-15,1.5781
2008-04-16,1.594
2008-04-17,1.5912
2008-04-18,1.5748
2008-04-21,1.5925
2008-04-22,1.5929
2008-04-23,1.5906
2008-04-24,1.5695
2008-04-25,1.5605
2008-04-28,1.5611
2008-04-29,1.5559
2008-04-30,1.5555
2008-05-01,1.5475
2008-05-02,1.5387
2008-05-05,1.5494
2008-05-06,1.554
2008-05-07,1.5385
2008-05-08,1.5387
2008-05-09,1.5447
2008-05-12,1.547
2008-05-13,1.5462
2008-05-14,1.5469
2008-05-15,1.5505
2008-05-16,1.5461
2008-05-19,1.5589
2008-05-20,1.5653
2008-05-21,1.5736
2008-05-22,1.5753
2008-05-23,1.5767
2008-05-26,1.5763
2008-05-27,1.5727
2008-05-28,1.5637
2008-05-29,1.5544
2008-05-30,1.5503
2008-06-02,1.5502
2008-06-03,1.5543
2008-06-04,1.5468
2008-06-05,1.5454
2008-06-06,1.5672
2008-06-09,1.5759
2008-06-10,1.5513
2008-06-11,1.55
2008-06-12,1.541
2008-06-13,1.5343
2008-06-16,1.5503
2008-06-17,1.5492
2008-06-18,1.5482
2008-06-19,1.5509
2008-06-20,1.5613
2008-06-23,1.5492
2008-06-24,1.5568
2008-06-25,1.5603
2008-06-26,1.5733
2008-06-27,1.5757
2008-06-30,1.5778
2008-07-01,1.5796
2008-07-02,1.5856
2008-07-03,1.5755
2008-07-04,1.5681
2008-07-07,1.565
2008-07-08,1.5675
2008-07-09,1.5711
2008-07-10,1.5722
2008-07-11,1.5862
2008-07-14,1.5869
2008-07-15,1.5979
2008-07-16,1.5897
2008-07-17,1.5832
2008-07-18,1.5835
2008-07-21,1.5847
2008-07-22,1.5882
2008-07-23,1.5743
2008-07-24,1.5655
2008-07-25,1.5702
2008-07-28,1.576
2008-07-29,1.5731
2008-07-30,1.5543
2008-07-31,1.5686
2008-08-01,1.5537
2008-08-04,1.5574
2008-08-05,1.5495
2008-08-06,1.544
2008-08-07,1.5408
2008-08-08,1.5073
2008-08-11,1.499
2008-08-12,1.4956
2008-08-13,1.491
2008-08-14,1.4897
2008-08-15,1.4687
2008-08-18,1.4717
2008-08-19,1.4679
2008-08-20,1.4728
2008-08-21,1.4832
2008-08-22,1.4815
2008-08-25,1.4778
2008-08-26,1.4623
2008-08-27,1.4726
2008-08-28,1.4803
2008-08-29,1.4753
2008-09-01,1.4613
2008-09-02,1.4478
2008-09-03,1.4449
2008-09-04,1.4484
2008-09-05,1.4314
2008-09-08,1.4216
2008-09-09,1.4078
2008-09-10,1.4136
2008-09-11,1.3927
2008-09-12,1.4094
2008-09-15,1.4244
2008-09-16,1.4205
2008-09-17,1.4168
2008-09-18,1.4431
2008-09-19,1.4346
2008-09-22,1.4624
2008-09-23,1.4773
2008-09-24,1.4728
2008-09-25,1.4698
2008-09-26,1.4607
2008-09-29,1.4377
2008-09-30,1.4259
2008-10-01,1.4022
2008-10-02,1.378
2008-10-03,1.3768
2008-10-06,1.3562
2008-10-07,1.3684
2008-10-08,1.3613
2008-10-09,1.3687
2008-10-10,1.3519
2008-10-13,1.3668
2008-10-14,1.3721
2008-10-15,1.3602
2008-10-16,1.3494
2008-10-17,1.3437
2008-10-20,1.3403
2008-10-21,1.3173
2008-10-22,1.2878
2008-10-23,1.2834
2008-10-24,1.2643
2008-10-27,1.2463
2008-10-28,1.2535
2008-10-29,1.2792
2008-10-30,1.3046
2008-10-31,1.2758
2008-11-03,1.2828
2008-11-04,1.2816
2008-11-05,1.2869
2008-11-06,1.2751
2008-11-07,1.2764
2008-11-10,1.2895
2008-11-11,1.2737
2008-11-12,1.2524
2008-11-13,1.2513
2008-11-14,1.2689
2008-11-17,1.2666
2008-11-18,1.2647
2008-11-19,1.2636
2008-11-20,1.2552
2008-11-21,1.2586
2008-11-24,1.2785
2008-11-25,1.2811
2008-11-26,1.2919
2008-11-27,1.2911
2008-11-28,1.2725
2008-12-01,1.2626
2008-12-02,1.2684
2008-12-03,1.2629
2008-12-04,1.2635
2008-12-05,1.2692
2008-12-08,1.2863
2008-12-09,1.2856
2008-12-10,1.2938
2008-12-11,1.3226
2008-12-12,1.3343
2008-12-15,1.3518
2008-12-16,1.3693
2008-12-17,1.4051
2008-12-18,1.4639
2008-12-19,1.3923
2008-12-22,1.3974
2008-12-23,1.3981
2008-12-24,1.3997
2008-12-25,1.4025
2008-12-26,1.4028
2008-12-29,1.4283
2008-12-30,1.4088
2008-12-31,1.3971
2009-01-02,1.3883
2009-01-05,1.3564
2009-01-06,1.3338
2009-01-07,1.3604
2009-01-08,1.3621
2009-01-09,1.369
2009-01-12,1.3379
2009-01-13,1.329
2009-01-14,1.3177
2009-01-15,1.3114
2009-01-16,1.3276
2009-01-19,1.3186
2009-01-20,1.2916
2009-01-21,1.2908
2009-01-22,1.2952
2009-01-23,1.2801
2009-01-26,1.3103
2009-01-27,1.3182
2009-01-28,1.328
2009-01-29,1.3112
2009-01-30,1.2865
2009-02-02,1.2767
2009-02-03,1.2853
2009-02-04,1.2833
2009-02-05,1.2819
2009-02-06,1.2798
2009-02-09,1.3011
2009-02-10,1.2988
2009-02-11,1.2935
2009-02-12,1.2832
2009-02-13,1.283
2009-02-16,1.2776
2009-02-17,1.263
2009-02-18,1.2594
2009-02-19,1.2713
2009-02-20,1.2591
2009-02-23,1.279
2009-02-24,1.2754
2009-02-25,1.2794
2009-02-26,1.2798
2009-02-27,1.2647
2009-03-02,1.2597
2009-03-03,1.2612
2009-03-04,1.2571
2009-03-05,1.2562
2009-03-06,1.2662
2009-03-09,1.2577
2009-03-10,1.2788
2009-03-11,1.2785
2009-03-12,1.2812
2009-03-13,1.2904
2009-03-16,1.3048
2009-03-17,1.2952
2009-03-18,1.3124
2009-03-19,1.3661
2009-03-20,1.3546
2009-03-23,1.3564
2009-03-24,1.3535
2009-03-25,1.3494
2009-03-26,1.3626
2009-03-27,1.3304
2009-03-30,1.3186
2009-03-31,1.3308
2009-04-01,1.3286
2009-04-02,1.3429
2009-04-03,1.3375
2009-04-06,1.3455
2009-04-07,1.3278
2009-04-08,1.325
2009-04-09,1.3169
2009-04-10,1.3189
2009-04-13,1.3281
2009-04-14,1.3257
2009-04-15,1.3178
2009-04-16,1.3215
2009-04-17,1.3037
2009-04-20,1.297
2009-04-21,1.2929
2009-04-22,1.2926
2009-04-23,1.3031
2009-04-24,1.3265
2009-04-27,1.3119
2009-04-28,1.305
2009-04-29,1.3243
2009-04-30,1.3214
2009-05-01,1.3272
2009-05-04,1.3288
2009-05-05,1.3419
2009-05-06,1.3366
2009-05-07,1.3419
2009-05-08,1.3491
2009-05-11,1.3585
2009-05-12,1.3646
2009-05-13,1.3597
2009-05-14,1.357
2009-05-15,1.3552
2009-05-18,1.3511
2009-05-19,1.3577
2009-05-20,1.3698
2009-05-21,1.3746
2009-05-22,1.3978
2009-05-25,1.3995
2009-05-26,1.3906
2009-05-27,1.3935
2009-05-28,1.3875
2009-05-29,1.411
2009-06-01,1.4185
2009-06-02,1.4238
2009-06-03,1.4183
2009-06-04,1.4173
2009-06-05,1.4101
2009-06-08,1.3869
2009-06-09,1.4018
2009-06-10,1.4073
2009-06-11,1.4012
2009-06-12,1.3985
2009-06-15,1.3859
2009-06-16,1.388
2009-06-17,1.3878
2009-06-18,1.3958
2009-06-19,1.3932
2009-06-22,1.3849
2009-06-23,1.4003
2009-06-24,1.407
2009-06-25,1.3914
2009-06-26,1.4082
2009-06-29,1.4056
2009-06-30,1.4074
2009-07-01,1.4125
2009-07-02,1.4062
2009-07-03,1.4004
2009-07-06,1.3922
2009-07-07,1.4001
2009-07-08,1.3911
2009-07-09,1.3984
2009-07-10,1.3907
2009-07-13,1.395
2009-07-14,1.3983
2009-07-15,1.408
2009-07-16,1.4134
2009-07-17,1.4111
2009-07-20,1.4232
2009-07-21,1.4265
2009-07-22,1.4183
2009-07-23,1.4203
2009-07-24,1.4219
2009-07-27,1.4263
2009-07-28,1.4225
2009-07-29,1.4121
2009-07-30,1.4065
2009-07-31,1.4116
2009-08-03,1.4324
2009-08-04,1.4405
2009-08-05,1.4396
2009-08-06,1.4391
2009-08-07,1.4354
2009-08-10,1.4184
2009-08-11,1.4127
2009-08-12,1.4166
2009-08-13,1.4319
2009-08-14,1.4272
2009-08-17,1.4083
2009-08-18,1.4079
2009-08-19,1.4124
2009-08-20,1.4216
2009-08-21,1.4332
2009-08-24,1.4325
2009-08-25,1.435
2009-08-26,1.4277
2009-08-27,1.4249
2009-08-28,1.4362
2009-08-31,1.4284
2009-09-01,1.4299
2009-09-02,1.4201
2009-09-03,1.4295
2009-09-04,1.4207
2009-09-07,1.4338
2009-09-08,1.4485
2009-09-09,1.4575
2009-09-10,1.4569
2009-09-11,1.4591
2009-09-14,1.4591
2009-09-15,1.4658
2009-09-16,1.4697
2009-09-17,1.4705
2009-09-18,1.4717
2009-09-21,1.4626
2009-09-22,1.4802
2009-09-23,1.478
2009-09-24,1.4785
2009-09-25,1.4665
2009-09-28,1.4638
2009-09-29,1.4568
2009-09-30,1.4613
2009-10-01,1.4561
2009-10-02,1.454
2009-10-05,1.4604
2009-10-06,1.4723
2009-10-07,1.4677
2009-10-08,1.4765
2009-10-09,1.4719
2009-10-12,1.4773
2009-10-13,1.4838
2009-10-14,1.4901
2009-10-15,1.4873
2009-10-16,1.4875
2009-10-19,1.492
2009-10-20,1.4973
2009-10-21,1.4946
2009-10-22,1.4988
2009-10-23,1.503
2009-10-26,1.5018
2009-10-27,1.4877
2009-10-28,1.4787
2009-10-29,1.4787
2009-10-30,1.4796
2009-11-02,1.4773
2009-11-03,1.4656
2009-11-04,1.475
2009-11-05,1.4864
2009-11-06,1.4862
2009-11-09,1.4988
2009-11-10,1.4969
2009-11-11,1.5035
2009-11-12,1.4918
2009-11-13,1.4858
2009-11-16,1.4976
2009-11-17,1.4884
2009-11-18,1.4966
2009-11-19,1.4862
2009-11-20,1.482
2009-11-23,1.4969
2009-11-24,1.4977
2009-11-25,1.5085
2009-11-26,1.5069
2009-11-27,1.4967
2009-11-30,1.5027
2009-12-01,1.5077
2009-12-02,1.509
2009-12-03,1.5122
2009-12-04,1.5068
2009-12-07,1.4798
2009-12-08,1.479
2009-12-09,1.4754
2009-12-10,1.473
2009-12-11,1.4755
2009-12-14,1.4639
2009-12-15,1.4541
2009-12-16,1.4557
2009-12-17,1.4348
2009-12-18,1.4338
2009-12-21,1.4362
2009-12-22,1.4272
2009-12-23,1.4289
2009-12-24,1.4404
2009-12-25,1.4411
2009-12-28,1.4406
2009-12-29,1.4442
2009-12-30,1.4345
2009-12-31,1.4321
2010-01-01,1.4324
2010-01-04,1.4397
2010-01-05,1.4435
2010-01-06,1.4366
2010-01-07,1.4311
2010-01-08,1.4278
2010-01-11,1.4523
2010-01-12,1.4481
2010-01-13,1.4572
2010-01-14,1.4488
2010-01-15,1.4371
2010-01-18,1.4369
2010-01-19,1.428
2010-01-20,1.4144
2010-01-21,1.4089
2010-01-22,1.4132
2010-01-25,1.4153
2010-01-26,1.4071
2010-01-27,1.408
2010-01-28,1.3998
2010-01-29,1.3963
2010-02-01,1.3929
2010-02-02,1.3942
2010-02-03,1.3988
2010-02-04,1.3843
2010-02-05,1.3693
2010-02-08,1.3663
2010-02-09,1.3752
2010-02-10,1.3759
2010-02-11,1.3712
2010-02-12,1.3579
2010-02-15,1.3607
2010-02-16,1.3646
2010-02-17,1.3723
2010-02-18,1.3572
2010-02-19,1.3508
2010-02-22,1.3627
2010-02-23,1.3578
2010-02-24,1.3553
2010-02-25,1.3484
2010-02-26,1.3572
2010-03-01,1.3526
2010-03-02,1.3562
2010-03-03,1.365
2010-03-04,1.3665
2010-03-05,1.3537
2010-03-08,1.366
2010-03-09,1.3543
2010-03-10,1.3603
2010-03-11,1.3664
2010-03-12,1.377
2010-03-15,1.3713
2010-03-16,1.3724
2010-03-17,1.3763
2010-03-18,1.3664
2010-03-19,1.3549
2010-03-22,1.3473
2010-03-23,1.3516
2010-03-24,1.3341
2010-03-25,1.335
2010-03-26,1.3354
2010-03-29,1.3447
2010-03-30,1.3473
2010-03-31,1.3506
2010-04-01,1.3564
2010-04-02,1.3489
2010-04-05,1.3514
2010-04-06,1.3365
2010-04-07,1.3334
2010-04-08,1.3325
2010-04-09,1.3376
2010-04-12,1.3587
2010-04-13,1.3612
2010-04-14,1.3628
2010-04-15,1.3546
2010-04-16,1.3509
2010-04-19,1.3428
2010-04-20,1.3479
2010-04-21,1.3393
2010-04-22,1.3318
2010-04-23,1.328
2010-04-26,1.3324
2010-04-27,1.3285
2010-04-28,1.3219
2010-04-29,1.3265
2010-04-30,1.3337
2010-05-03,1.3234
2010-05-04,1.3072
2010-05-05,1.2842
2010-05-06,1.2719
2010-05-07,1.2699
2010-05-10,1.2918
2010-05-11,1.2716
2010-05-12,1.2673
2010-05-13,1.2557
2010-05-14,1.2488
2010-05-17,1.2344
2010-05-18,1.2405
2010-05-19,1.2313
2010-05-20,1.2371
2010-05-21,1.2559
2010-05-24,1.2389
2010-05-25,1.219
2010-05-26,1.2275
2010-05-27,1.2249
2010-05-28,1.2379
2010-05-31,1.2318
2010-06-01,1.2186
2010-06-02,1.2194
2010-06-03,1.2258
2010-06-04,1.2053
2010-06-07,1.195
2010-06-08,1.1937
2010-06-09,1.2028
2010-06-10,1.2097
2010-06-11,1.2099
2010-06-14,1.2244
2010-06-15,1.2287
2010-06-16,1.2301
2010-06-17,1.2389
2010-06-18,1.2363
2010-06-21,1.2378
2010-06-22,1.2289
2010-06-23,1.2289
2010-06-24,1.2291
2010-06-25,1.2296
2010-06-28,1.2333
2010-06-29,1.2195
2010-06-30,1.2248
2010-07-01,1.2388
2010-07-02,1.2586
2010-07-05,1.252
2010-07-06,1.257
2010-07-07,1.2602
2010-07-08,1.2684
2010-07-09,1.2627
2010-07-12,1.2562
2010-07-13,1.2627
2010-07-14,1.2701
2010-07-15,1.2877
2010-07-16,1.2964
2010-07-19,1.2959
2010-07-20,1.2864
2010-07-21,1.2814
2010-07-22,1.2846
2010-07-23,1.2806
2010-07-26,1.2934
2010-07-27,1.2993
2010-07-28,1.3016
2010-07-29,1.3093
2010-07-30,1.3009
2010-08-02,1.3179
2010-08-03,1.3219
2010-08-04,1.3214
2010-08-05,1.3172
2010-08-06,1.3278
2010-08-09,1.3239
2010-08-10,1.3115
2010-08-11,1.2966
2010-08-12,1.2831
2010-08-13,1.2816
2010-08-16,1.2815
2010-08-17,1.2879
2010-08-18,1.2876
2010-08-19,1.2866
2010-08-20,1.2679
2010-08-23,1.2718
2010-08-24,1.2621
2010-08-25,1.2664
2010-08-26,1.2705
2010-08-27,1.2735
2010-08-30,1.2705
2010-08-31,1.2724
2010-09-01,1.2834
2010-09-02,1.2807
2010-09-03,1.2868
2010-09-06,1.2881
2010-09-07,1.2757
2010-09-08,1.2724
2010-09-09,1.2735
2010-09-10,1.2703
2010-09-13,1.2831
2010-09-14,1.2888
2010-09-15,1.3011
2010-09-16,1.3064
2010-09-17,1.3068
2010-09-20,1.3046
2010-09-21,1.3135
2010-09-22,1.3416
2010-09-23,1.3323
2010-09-24,1.3463
2010-09-27,1.3459
2010-09-28,1.3481
2010-09-29,1.3591
2010-09-30,1.3638
2010-10-01,1.3733
2010-10-04,1.37
2010-10-05,1.3794
2010-10-06,1.3872
2010-10-07,1.3942
2010-10-08,1.3943
2010-10-11,1.3941
2010-10-12,1.383
2010-10-13,1.3923
2010-10-14,1.4071
2010-10-15,1.4056
2010-10-18,1.3934
2010-10-19,1.3801
2010-10-20,1.3899
2010-10-21,1.4004
2010-10-22,1.3951
2010-10-25,1.4018
2010-10-26,1.3882
2010-10-27,1.3807
2010-10-28,1.3893
2010-10-29,1.3921
2010-11-01,1.3937
2010-11-02,1.4034
2010-11-03,1.4025
2010-11-04,1.4258
2010-11-05,1.4092
2010-11-08,1.3937
2010-11-09,1.3923
2010-11-10,1.3797
2010-11-11,1.3715
2010-11-12,1.3758
2010-11-15,1.3638
2010-11-16,1.3594
2010-11-17,1.3502
2010-11-18,1.3632
2010-11-19,1.3663
2010-11-22,1.3642
2010-11-23,1.3485
2010-11-24,1.3367
2010-11-25,1.3343
2010-11-26,1.3246
2010-11-29,1.3113
2010-11-30,1.2988
2010-12-01,1.3128
2010-12-02,1.3094
2010-12-03,1.3343
2010-12-06,1.3267
2010-12-07,1.3392
2010-12-08,1.3235
2010-12-09,1.3175
2010-12-10,1.3219
2010-12-13,1.3298
2010-12-14,1.3432
2010-12-15,1.3336
2010-12-16,1.3242
2010-12-17,1.3254
2010-12-20,1.3158
2010-12-21,1.3182
2010-12-22,1.3122
2010-12-23,1.3067
2010-12-24,1.3118
2010-12-27,1.3135
2010-12-28,1.3204
2010-12-29,1.3135
2010-12-30,1.3265
2010-12-31,1.3384
2011-01-03,1.3339
2011-01-04,1.3394
2011-01-05,1.3146
2011-01-06,1.3114
2011-01-07,1.2983
2011-01-10,1.2916
2011-01-11,1.2964
2011-01-12,1.3019
2011-01-13,1.3278
2011-01-14,1.3368
2011-01-17,1.3294
2011-01-18,1.3383
2011-01-19,1.3518
2011-01-20,1.3442
2011-01-21,1.3544
2011-01-24,1.3593
2011-01-25,1.3596
2011-01-26,1.3674
2011-01-27,1.3739
2011-01-28,1.3705
2011-01-31,1.3716
2011-02-01,1.3745
2011-02-02,1.3807
2011-02-03,1.3665
2011-02-04,1.3586
2011-02-07,1.3523
2011-02-08,1.3633
2011-02-09,1.3684
2011-02-10,1.3611
2011-02-11,1.3533
2011-02-14,1.3461
2011-02-15,1.3537
2011-02-16,1.3469
2011-02-17,1.3561
2011-02-18,1.3626
2011-02-21,1.3667
2011-02-22,1.3676
2011-02-23,1.3737
2011-02-24,1.3768
2011-02-25,1.3748
2011-02-28,1.3841
2011-03-01,1.3816
2011-03-02,1.385
2011-03-03,1.3956
2011-03-04,1.3955
2011-03-07,1.4003
2011-03-08,1.3896
2011-03-09,1.3897
2011-03-10,1.382
2011-03-11,1.3775
2011-03-14,1.3961
2011-03-15,1.3908
2011-03-16,1.3923
2011-03-17,1.4002
2011-03-18,1.4137
2011-03-21,1.4168
2011-03-22,1.4188
2011-03-23,1.4119
2011-03-24,1.4123
2011-03-25,1.4114
2011-03-28,1.4084
2011-03-29,1.407
2011-03-30,1.4064
2011-03-31,1.4182
2011-04-01,1.4067
2011-04-04,1.4228
2011-04-05,1.4183
2011-04-06,1.43
2011-04-07,1.4299
2011-04-08,1.4435
2011-04-11,1.4436
2011-04-12,1.4499
2011-04-13,1.4476
2011-04-14,1.4428
2011-04-15,1.4419
2011-04-18,1.4275
2011-04-19,1.4299
2011-04-20,1.4516
2011-04-21,1.4552
2011-04-22,1.4561
2011-04-25,1.4579
2011-04-26,1.4621
2011-04-27,1.4686
2011-04-28,1.4836
2011-04-29,1.4844
2011-05-02,1.4847
2011-05-03,1.4816
2011-05-04,1.4916
2011-05-05,1.4672
2011-05-06,1.4516
2011-05-09,1.4328
2011-05-10,1.4353
2011-05-11,1.4312
2011-05-12,1.4179
2011-05-13,1.4229
2011-05-16,1.42
2011-05-17,1.4153
2011-05-18,1.4222
2011-05-19,1.4267
2011-05-20,1.4228
2011-05-23,1.4032
2011-05-24,1.4108
2011-05-25,1.404
2011-05-26,1.4147
2011-05-27,1.4248
2011-05-30,1.4272
2011-05-31,1.4396
2011-06-01,1.4433
2011-06-02,1.4451
2011-06-03,1.4554
2011-06-06,1.4612
2011-06-07,1.4674
2011-06-08,1.4613
2011-06-09,1.45
2011-06-10,1.4405
2011-06-13,1.4382
2011-06-14,1.4432
2011-06-15,1.4303
2011-06-16,1.4123
2011-06-17,1.43
2011-06-20,1.4317
2011-06-21,1.438
2011-06-22,1.4411
2011-06-23,1.4158
2011-06-24,1.4181
2011-06-27,1.4228
2011-06-28,1.4339
2011-06-29,1.4356
2011-06-30,1.4468
2011-07-01,1.4468
2011-07-04,1.4515
2011-07-05,1.4482
2011-07-06,1.4298
2011-07-07,1.4325
2011-07-08,1.4269
2011-07-11,1.4062
2011-07-12,1.3984
2011-07-13,1.4067
2011-07-14,1.4238
2011-07-15,1.4114
2011-07-18,1.4039
2011-07-19,1.4176
2011-07-20,1.4198
2011-07-21,1.4371
2011-07-22,1.4331
2011-07-25,1.4377
2011-07-26,1.4468
2011-07-27,1.4432
2011-07-28,1.4296
2011-07-29,1.4365
2011-08-01,1.4284
2011-08-02,1.4203
2011-08-03,1.4295
2011-08-04,1.4131
2011-08-05,1.4191
2011-08-08,1.417
2011-08-09,1.4254
2011-08-10,1.4192
2011-08-11,1.4199
2011-08-12,1.4258
2011-08-15,1.4445
2011-08-16,1.4409
2011-08-17,1.4484
2011-08-18,1.4297
2011-08-19,1.4423
2011-08-22,1.4415
2011-08-23,1.4404
2011-08-24,1.4455
2011-08-25,1.4427
2011-08-26,1.4442
2011-08-29,1.4524
2011-08-30,1.4425
2011-08-31,1.4405
2011-09-01,1.4241
2011-09-02,1.4219
2011-09-05,1.4082
2011-09-06,1.4068
2011-09-07,1.4049
2011-09-08,1.3974
2011-09-09,1.3721
2011-09-12,1.367
2011-09-13,1.3692
2011-09-14,1.3644
2011-09-15,1.3877
2011-09-16,1.3821
2011-09-19,1.3602
2011-09-20,1.3654
2011-09-21,1.3674
2011-09-22,1.3469
2011-09-23,1.3501
2011-09-26,1.3442
2011-09-27,1.3641
2011-09-28,1.363
2011-09-29,1.3628
2011-09-30,1.3435
2011-10-03,1.3341
2011-10-04,1.319
2011-10-05,1.3334
2011-10-06,1.333
2011-10-07,1.3493
2011-10-10,1.365
2011-10-11,1.3584
2011-10-12,1.3784
2011-10-13,1.3703
2011-10-14,1.3889
2011-10-17,1.3737
2011-10-18,1.3674
2011-10-19,1.3783
2011-10-20,1.3752
2011-10-21,1.3862
2011-10-24,1.3845
2011-10-25,1.3885
2011-10-26,1.3872
2011-10-27,1.4135
2011-10-28,1.4161
2011-10-31,1.3999
2011-11-01,1.366
2011-11-02,1.3798
2011-11-03,1.3688
2011-11-04,1.3733
2011-11-07,1.3776
2011-11-08,1.3798
2011-11-09,1.3612
2011-11-10,1.3636
2011-11-11,1.366
2011-11-14,1.3634
2011-11-15,1.3539
2011-11-16,1.348
2011-11-17,1.3518
2011-11-18,1.3564
2011-11-21,1.3463
2011-11-22,1.3495
2011-11-23,1.3396
2011-11-24,1.334
2011-11-25,1.3244
2011-11-28,1.3393
2011-11-29,1.3306
2011-11-30,1.3505
2011-12-01,1.3481
2011-12-02,1.3498
2011-12-05,1.3449
2011-12-06,1.3363
2011-12-07,1.3366
2011-12-08,1.3372
2011-12-09,1.3339
2011-12-12,1.3251
2011-12-13,1.3182
2011-12-14,1.2981
2011-12-15,1.3036
2011-12-16,1.3053
2011-12-19,1.3036
2011-12-20,1.3111
2011-12-21,1.3061
2011-12-22,1.3024
2011-12-23,1.3045
2011-12-26,1.3071
2011-12-27,1.3066
2011-12-28,1.307
2011-12-29,1.2894
2011-12-30,1.2961
2012-01-02,1.2933
2012-01-03,1.3028
2012-01-04,1.2954
2012-01-05,1.2807
2012-01-06,1.2747
2012-01-09,1.2756
2012-01-10,1.279
2012-01-11,1.2708
2012-01-12,1.2746
2012-01-13,1.2704
2012-01-16,1.2669
2012-01-17,1.2748
2012-01-18,1.2828
2012-01-19,1.2904
2012-01-20,1.2913
2012-01-23,1.3014
2012-01-24,1.2965
2012-01-25,1.2964
2012-01-26,1.3169
2012-01-27,1.3107
2012-01-30,1.3094
2012-01-31,1.317
2012-02-01,1.3171
2012-02-02,1.311
2012-02-03,1.3096
2012-02-06,1.3047
2012-02-07,1.3175
2012-02-08,1.3257
2012-02-09,1.3285
2012-02-10,1.3166
2012-02-13,1.3235
2012-02-14,1.3155
2012-02-15,1.3103
2012-02-16,1.2999
2012-02-17,1.3183
2012-02-20,1.3257
2012-02-21,1.3232
2012-02-22,1.3231
2012-02-23,1.3299
2012-02-24,1.3406
2012-02-27,1.338
2012-02-28,1.3437
2012-02-29,1.3445
2012-03-01,1.3299
2012-03-02,1.3222
2012-03-05,1.3228
2012-03-06,1.3122
2012-03-07,1.3128
2012-03-08,1.3232
2012-03-09,1.3139
2012-03-12,1.3109
2012-03-13,1.3069
2012-03-14,1.3035
2012-03-15,1.3047
2012-03-16,1.3172
2012-03-19,1.3154
2012-03-20,1.3233
2012-03-21,1.3222
2012-03-22,1.315
2012-03-23,1.3252
2012-03-26,1.3329
2012-03-27,1.3328
2012-03-28,1.3318
2012-03-29,1.3279
2012-03-30,1.3347
2012-04-02,1.3296
2012-04-03,1.3313
2012-04-04,1.3137
2012-04-05,1.3066
2012-04-06,1.3096
2012-04-09,1.3069
2012-04-10,1.3091
2012-04-11,1.311
2012-04-12,1.3168
2012-04-13,1.3098
2012-04-16,1.3045
2012-04-17,1.3114
2012-04-18,1.309
2012-04-19,1.3124
2012-04-20,1.3214
2012-04-23,1.3124
2012-04-24,1.3196
2012-04-25,1.3215
2012-04-26,1.3224
2012-04-27,1.3253
2012-04-30,1.3238
2012-05-01,1.3237
2012-05-02,1.3143
2012-05-03,1.3151
2012-05-04,1.3144
2012-05-07,1.3045
2012-05-08,1.3003
2012-05-09,1.2943
2012-05-10,1.2974
2012-05-11,1.2944
2012-05-14,1.2832
2012-05-15,1.2795
2012-05-16,1.2747
2012-05-17,1.2688
2012-05-18,1.2711
2012-05-21,1.2754
2012-05-22,1.2763
2012-05-23,1.2581
2012-05-24,1.2581
2012-05-25,1.2538
2012-05-28,1.2544
2012-05-29,1.2543
2012-05-30,1.2426
2012-05-31,1.238
2012-06-01,1.2401
2012-06-04,1.2485
2012-06-05,1.243
2012-06-06,1.2508
2012-06-07,1.2568
2012-06-08,1.2453
2012-06-11,1.2547
2012-06-12,1.2455
2012-06-13,1.2542
2012-06-14,1.2596
2012-06-15,1.2621
2012-06-18,1.2606
2012-06-19,1.2646
2012-06-20,1.2646
2012-06-21,1.2578
2012-06-22,1.2541
2012-06-25,1.248
2012-06-26,1.2481
2012-06-27,1.2461
2012-06-28,1.2439
2012-06-29,1.2687
2012-07-02,1.2586
2012-07-03,1.2583
2012-07-04,1.256
2012-07-05,1.2381
2012-07-06,1.2316
2012-07-09,1.2295
2012-07-10,1.2272
2012-07-11,1.228
2012-07-12,1.2185
2012-07-13,1.2247
2012-07-16,1.2223
2012-07-17,1.2227
2012-07-18,1.2248
2012-07-19,1.2254
2012-07-20,1.2157
2012-07-23,1.2083
2012-07-24,1.2087
2012-07-25,1.2158
2012-07-26,1.2292
2012-07-27,1.2351
2012-07-30,1.2257
2012-07-31,1.2281
2012-08-01,1.2314
2012-08-02,1.218
2012-08-03,1.2287
2012-08-06,1.2383
2012-08-07,1.2425
2012-08-08,1.2345
2012-08-09,1.2295
2012-08-10,1.2294
2012-08-13,1.2371
2012-08-14,1.2337
2012-08-15,1.229
2012-08-16,1.2345
2012-08-17,1.2306
2012-08-20,1.2325
2012-08-21,1.2464
2012-08-22,1.2476
2012-08-23,1.2545
2012-08-24,1.2509
2012-08-27,1.2523
2012-08-28,1.2561
2012-08-29,1.2542
2012-08-30,1.2551
2012-08-31,1.2622
2012-09-03,1.257
2012-09-04,1.2574
2012-09-05,1.2596
2012-09-06,1.2588
2012-09-07,1.2753
2012-09-10,1.2782
2012-09-11,1.2828
2012-09-12,1.2901
2012-09-13,1.2893
2012-09-14,1.3148
2012-09-17,1.3147
2012-09-18,1.3059
2012-09-19,1.3022
2012-09-20,1.2935
2012-09-21,1.2983
2012-09-24,1.29
2012-09-25,1.2949
2012-09-26,1.2844
2012-09-27,1.287
2012-09-28,1.2859
2012-10-01,1.2922
2012-10-02,1.2933
2012-10-03,1.2896
2012-10-04,1.2981
2012-10-05,1.3069
2012-10-08,1.2967
2012-10-09,1.2919
2012-10-10,1.2889
2012-10-11,1.2938
2012-10-12,1.2976
2012-10-15,1.2949
2012-10-16,1.3024
2012-10-17,1.313
2012-10-18,1.3101
2012-10-19,1.3024
2012-10-22,1.3069
2012-10-23,1.2972
2012-10-24,1.2961
2012-10-25,1.2968
2012-10-26,1.2943
2012-10-29,1.2899
2012-10-30,1.2968
2012-10-31,1.2985
2012-11-01,1.2978
2012-11-02,1.2853
2012-11-05,1.2784
2012-11-06,1.2808
2012-11-07,1.2753
2012-11-08,1.2745
2012-11-09,1.2707
2012-11-12,1.2719
2012-11-13,1.2684
2012-11-14,1.2746
2012-11-15,1.2773
2012-11-16,1.2744
2012-11-19,1.2776
2012-11-20,1.2799
2012-11-21,1.2821
2012-11-22,1.2884
2012-11-23,1.2919
2012-11-26,1.2967
2012-11-27,1.2932
2012-11-28,1.2893
2012-11-29,1.299
2012-11-30,1.2983
2012-12-03,1.3055
2012-12-04,1.3096
2012-12-05,1.3063
2012-12-06,1.3029
2012-12-07,1.2913
2012-12-10,1.2931
2012-12-11,1.2987
2012-12-12,1.304
2012-12-13,1.3068
2012-12-14,1.3092
2012-12-17,1.316
2012-12-18,1.318
2012-12-19,1.3292
2012-12-20,1.3281
2012-12-21,1.3187
2012-12-24,1.3214
2012-12-26,1.3204
2012-12-27,1.3275
2012-12-28,1.3211
2012-12-31,1.3193
2013-01-02,1.3268
2013-01-03,1.3114
2013-01-04,1.3043
2013-01-07,1.304
2013-01-08,1.3089
2013-01-09,1.304
2013-01-10,1.3199
2013-01-11,1.3353
2013-01-14,1.3355
2013-01-15,1.3338
2013-01-16,1.3269
2013-01-17,1.334
2013-01-18,1.3329
2013-01-21,1.3318
2013-01-22,1.3315
2013-01-23,1.3334
2013-01-24,1.3348
2013-01-25,1.3456
2013-01-28,1.3472
2013-01-29,1.3454
2013-01-30,1.3538
2013-01-31,1.3563
2013-02-01,1.3621
2013-02-04,1.3572
2013-02-05,1.3526
2013-02-06,1.3506
2013-02-07,1.3444
2013-02-08,1.3387
2013-02-11,1.338
2013-02-12,1.3422
2013-02-13,1.348
2013-02-14,1.3332
2013-02-15,1.3357
2013-02-18,1.3362
2013-02-19,1.3363
2013-02-20,1.3382
2013-02-21,1.3197
2013-02-22,1.3179
2013-02-25,1.3297
2013-02-26,1.3072
2013-02-27,1.3081
2013-02-28,1.3113
2013-03-01,1.2991
2013-03-04,1.3
2013-03-05,1.3045
2013-03-06,1.3025
2013-03-07,1.3081
2013-03-08,1.2966
2013-03-11,1.2997
2013-03-12,1.3067
2013-03-13,1.2934
2013-03-14,1.2957
2013-03-15,1.3071
2013-03-18,1.2968
2013-03-19,1.2953
2013-03-20,1.2964
2013-03-21,1.2885
2013-03-22,1.2949
2013-03-25,1.2933
2013-03-26,1.2857
2013-03-27,1.2772
2013-03-28,1.2816
2013-03-29,1.2819
2013-04-01,1.2847
2013-04-02,1.2814
2013-04-03,1.2852
2013-04-04,1.2845
2013-04-05,1.3008
2013-04-08,1.3014
2013-04-09,1.305
2013-04-10,1.3083
2013-04-11,1.3099
2013-04-12,1.3079
2013-04-15,1.3078
2013-04-16,1.3133
2013-04-17,1.3142
2013-04-18,1.3059
2013-04-19,1.3109
2013-04-22,1.3039
2013-04-23,1.3024
2013-04-24,1.2979
2013-04-25,1.2996
2013-04-26,1.3013
2013-04-29,1.3083
2013-04-30,1.3164
2013-05-01,1.318
2013-05-02,1.3088
2013-05-03,1.3114
2013-05-06,1.3106
2013-05-07,1.3107
2013-05-08,1.3164
2013-05-09,1.3092
2013-05-10,1.2963
2013-05-13,1.299
2013-05-14,1.2968
2013-05-15,1.2869
2013-05-16,1.2911
2013-05-17,1.2811
2013-05-20,1.2853
2013-05-21,1.2854
2013-05-22,1.2984
2013-05-23,1.2908
2013-05-24,1.2944
2013-05-27,1.294
2013-05-28,1.2867
2013-05-29,1.2947
2013-05-30,1.3045
2013-05-31,1.2977
2013-06-03,1.3076
2013-06-04,1.3059
2013-06-05,1.3083
2013-06-06,1.3169
2013-06-07,1.3213
2013-06-10,1.3198
2013-06-11,1.3295
2013-06-12,1.3317
2013-06-13,1.3305
2013-06-14,1.3332
2013-06-17,1.3343
2013-06-18,1.3397
2013-06-19,1.3395
2013-06-20,1.3168
2013-06-21,1.3161
2013-06-24,1.3087
2013-06-25,1.3079
2013-06-26,1.3017
2013-06-27,1.3015
2013-06-28,1.302
2013-07-01,1.303
2013-07-02,1.3023
2013-07-03,1.2979
2013-07-04,1.2911
2013-07-05,1.2834
2013-07-08,1.2862
2013-07-09,1.2805
2013-07-10,1.282
2013-07-11,1.3018
2013-07-12,1.3034
2013-07-15,1.3047
2013-07-16,1.3121
2013-07-17,1.3135
2013-07-18,1.3087
2013-07-19,1.313
2013-07-22,1.3198
2013-07-23,1.3196
2013-07-24,1.3222
2013-07-25,1.3277
2013-07-26,1.3273
2013-07-29,1.3243
2013-07-30,1.3243
2013-07-31,1.3251
2013-08-01,1.3231
2013-08-02,1.3276
2013-08-05,1.3254
2013-08-06,1.3294
2013-08-07,1.33
2013-08-08,1.3372
2013-08-09,1.3361
2013-08-12,1.3291
2013-08-13,1.3252
2013-08-14,1.3258
2013-08-15,1.3347
2013-08-16,1.3372
2013-08-19,1.3345
2013-08-20,1.344
2013-08-21,1.3383
2013-08-22,1.3328
2013-08-23,1.3372
2013-08-26,1.3379
2013-08-27,1.338
2013-08-28,1.3332
2013-08-29,1.3228
2013-08-30,1.3212
2013-09-02,1.3202
2013-09-03,1.3155
2013-09-04,1.3173
2013-09-05,1.3141
2013-09-06,1.3163
2013-09-09,1.3213
2013-09-10,1.3263
2013-09-11,1.3291
2013-09-12,1.3281
2013-09-13,1.3263
2013-09-16,1.3364
2013-09-17,1.3338
2013-09-18,1.3347
2013-09-19,1.3557
2013-09-20,1.3523
2013-09-23,1.3487
2013-09-24,1.3474
2013-09-25,1.3503
2013-09-26,1.3501
2013-09-27,1.356
2013-09-30,1.3526
2013-10-01,1.355
2013-10-02,1.3587
2013-10-03,1.3614
2013-10-04,1.3581
2013-10-07,1.3556
2013-10-08,1.3587
2013-10-09,1.3517
2013-10-10,1.3515
2013-10-11,1.3552
2013-10-14,1.3587
2013-10-15,1.349
2013-10-16,1.3521
2013-10-17,1.3659
2013-10-18,1.3672
2013-10-21,1.3661
2013-10-22,1.3765
2013-10-23,1.3775
2013-10-24,1.3796
2013-10-25,1.3805
2013-10-28,1.3788
2013-10-29,1.3784
2013-10-30,1.3769
2013-10-31,1.3611
2013-11-01,1.3486
2013-11-04,1.3497
2013-11-05,1.3471
2013-11-06,1.3507
2013-11-07,1.3345
2013-11-08,1.3376
2013-11-11,1.3408
2013-11-12,1.3438
2013-11-13,1.3445
2013-11-14,1.3451
2013-11-15,1.349
2013-11-18,1.3525
2013-11-19,1.3505
2013-11-20,1.3529
2013-11-21,1.3465
2013-11-22,1.3517
2013-11-25,1.3507
2013-11-26,1.3546
2013-11-27,1.36
2013-11-28,1.3603
2013-11-29,1.3602
2013-12-02,1.3544
2013-12-03,1.358
2013-12-04,1.354
2013-12-05,1.3624
2013-12-06,1.3681
2013-12-09,1.3722
2013-12-10,1.3751
2013-12-11,1.3793
2013-12-12,1.3761
2013-12-13,1.3743
2013-12-16,1.3768
2013-12-17,1.3746
2013-12-18,1.3748
2013-12-19,1.367
2013-12-20,1.3643
2013-12-23,1.3697
2013-12-24,1.3663
2013-12-26,1.3684
2013-12-27,1.3822
2013-12-30,1.379
2013-12-31,1.3743
2014-01-02,1.3646
2014-01-03,1.3616
2014-01-06,1.3596
2014-01-07,1.3628
2014-01-08,1.3604
2014-01-09,1.3563
2014-01-10,1.363
2014-01-13,1.3649
2014-01-14,1.3665
2014-01-15,1.3607
2014-01-16,1.3636
2014-01-17,1.357
2014-01-20,1.3562
2014-01-21,1.3531
2014-01-22,1.3565
2014-01-23,1.3646
2014-01-24,1.3686
2014-01-27,1.3665
2014-01-28,1.3671
2014-01-29,1.3649
2014-01-30,1.3581
2014-01-31,1.3507
2014-02-03,1.3487
2014-02-04,1.3512
2014-02-05,1.3514
2014-02-06,1.3615
2014-02-07,1.359
2014-02-10,1.3636
2014-02-11,1.3664
2014-02-12,1.358
2014-02-13,1.3674
2014-02-14,1.3701
2014-02-17,1.3698
2014-02-18,1.376
2014-02-19,1.3745
2014-02-20,1.3717
2014-02-21,1.3713
2014-02-24,1.372
2014-02-25,1.3756
2014-02-26,1.3693
2014-02-27,1.3672
2014-02-28,1.3806
2014-03-03,1.3777
2014-03-04,1.3759
2014-03-05,1.3719
2014-03-06,1.3748
2014-03-07,1.3894
2014-03-10,1.3882
2014-03-11,1.3857
2014-03-12,1.3885
2014-03-13,1.3949
2014-03-14,1.3885
2014-03-17,1.3935
2014-03-18,1.3904
2014-03-19,1.3909
2014-03-20,1.3763
2014-03-21,1.3801
2014-03-24,1.3773
2014-03-25,1.3793
2014-03-26,1.3792
2014-03-27,1.3768
2014-03-28,1.3767
2014-03-31,1.38
2014-04-01,1.3797
2014-04-02,1.3772
2014-04-03,1.3711
2014-04-04,1.3713
2014-04-07,1.3741
2014-04-08,1.3799
2014-04-09,1.3804
2014-04-10,1.3871
2014-04-11,1.3885
2014-04-14,1.3821
2014-04-15,1.3815
2014-04-16,1.3815
2014-04-17,1.3814
2014-04-21,1.3809
2014-04-22,1.3815
2014-04-23,1.3837
2014-04-24,1.3816
2014-04-25,1.3841
2014-04-28,1.3866
2014-04-29,1.3822
2014-04-30,1.3859
2014-05-01,1.387
2014-05-02,1.3816
2014-05-05,1.388
2014-05-06,1.3932
2014-05-07,1.3918
2014-05-08,1.384
2014-05-09,1.3788
2014-05-12,1.3767
2014-05-13,1.3726
2014-05-14,1.3712
2014-05-15,1.3675
2014-05-16,1.3716
2014-05-19,1.3733
2014-05-20,1.3698
2014-05-21,1.3663
2014-05-22,1.3655
2014-05-23,1.3641
2014-05-26,1.3642
2014-05-27,1.3633
2014-05-28,1.3598
2014-05-29,1.3599
2014-05-30,1.3627
2014-06-02,1.361
2014-06-03,1.3628
2014-06-04,1.3618
2014-06-05,1.3593
2014-06-06,1.3638
2014-06-09,1.3591
2014-06-10,1.3547
2014-06-11,1.3538
2014-06-12,1.3538
2014-06-13,1.3542
2014-06-16,1.3566
2014-06-17,1.3545
2014-06-18,1.3575
2014-06-19,1.3631
2014-06-20,1.3584
2014-06-23,1.3588
2014-06-24,1.3609
2014-06-25,1.3635
2014-06-26,1.3612
2014-06-27,1.3632
2014-06-30,1.3668
2014-07-01,1.3684
2014-07-02,1.3657
2014-07-03,1.3615
2014-07-04,1.3588
2014-07-07,1.3598
2014-07-08,1.361
2014-07-09,1.3622
2014-07-10,1.359
2014-07-11,1.3603
2014-07-14,1.3619
2014-07-15,1.3602
2014-07-16,1.3534
2014-07-17,1.3528
2014-07-18,1.3504
2014-07-21,1.3523
2014-07-22,1.3467
2014-07-23,1.3468
2014-07-24,1.3463
2014-07-25,1.343
2014-07-28,1.3439
2014-07-29,1.3413
2014-07-30,1.3379
2014-07-31,1.339
2014-08-01,1.3425
2014-08-04,1.3421
2014-08-05,1.3375
2014-08-06,1.3356
2014-08-07,1.3344
2014-08-08,1.3391
2014-08-11,1.3385
2014-08-12,1.3351
2014-08-13,1.3379
2014-08-14,1.3397
2014-08-15,1.3401
2014-08-18,1.338
2014-08-19,1.3324
2014-08-20,1.3291
2014-08-21,1.327
2014-08-22,1.3272
2014-08-25,1.3195
2014-08-26,1.3196
2014-08-27,1.3195
2014-08-28,1.3167
2014-08-29,1.3184
2014-09-01,1.3137
2014-09-02,1.3121
2014-09-03,1.3141
2014-09-04,1.3027
2014-09-05,1.2965
2014-09-08,1.2943
2014-09-09,1.2886
2014-09-10,1.2908
2014-09-11,1.2939
2014-09-12,1.2918
2014-09-15,1.294
2014-09-16,1.295
2014-09-17,1.296
2014-09-18,1.2896
2014-09-19,1.2856
2014-09-22,1.2839
2014-09-23,1.2884
2014-09-24,1.2788
2014-09-25,1.2712
2014-09-26,1.2714
2014-09-29,1.2703
2014-09-30,1.2609
2014-10-01,1.2621
2014-10-02,1.2675
2014-10-03,1.2505
2014-10-06,1.2547
2014-10-07,1.2641
2014-10-08,1.2668
2014-10-09,1.2709
2014-10-10,1.2638
2014-10-13,1.2682
2014-10-14,1.2646
2014-10-15,1.2826
2014-10-16,1.2761
2014-10-17,1.2796
2014-10-20,1.2762
2014-10-21,1.2726
2014-10-22,1.2672
2014-10-23,1.2651
2014-10-24,1.2681
2014-10-27,1.2682
2014-10-28,1.2745
2014-10-29,1.2741
2014-10-30,1.2619
2014-10-31,1.2504
2014-11-03,1.2497
2014-11-04,1.251
2014-11-05,1.2494
2014-11-06,1.2405
2014-11-07,1.2406
2014-11-10,1.2471
2014-11-11,1.243
2014-11-12,1.2478
2014-11-13,1.2459
2014-11-14,1.2417
2014-11-17,1.2501
2014-11-18,1.2521
2014-11-19,1.2545
2014-11-20,1.2547
2014-11-21,1.2418
2014-11-24,1.2413
2014-11-25,1.2416
2014-11-26,1.2493
2014-11-27,1.2483
2014-11-28,1.2482
2014-12-01,1.2486
2014-12-02,1.2419
2014-12-03,1.2323
2014-12-04,1.2404
2014-12-05,1.2305
2014-12-08,1.228
2014-12-09,1.2379
2014-12-10,1.2392
2014-12-11,1.2418
2014-12-12,1.247
2014-12-15,1.2436
2014-12-16,1.2531
2014-12-17,1.2458
2014-12-18,1.2282
2014-12-19,1.2289
2014-12-22,1.2259
2014-12-23,1.2182
2014-12-24,1.2197
2014-12-26,1.218
2014-12-29,1.221
2014-12-30,1.2169
2014-12-31,1.2098
2015-01-02,1.2029
2015-01-05,1.1928
2015-01-06,1.1898
2015-01-07,1.1825
2015-01-08,1.1783
2015-01-09,1.1782
2015-01-12,1.1819
2015-01-13,1.1777
2015-01-14,1.1798
2015-01-15,1.1655
2015-01-16,1.1562
2015-01-19,1.1616
2015-01-20,1.1587
2015-01-21,1.163
2015-01-22,1.1472
2015-01-23,1.1189
2015-01-26,1.1255
2015-01-27,1.1373
2015-01-28,1.1344
2015-01-29,1.1332
2015-01-30,1.1316
2015-02-02,1.1315
2015-02-03,1.1438
2015-02-04,1.1437
2015-02-05,1.1425
2015-02-06,1.1365
2015-02-09,1.1307
2015-02-10,1.1301
2015-02-11,1.1315
2015-02-12,1.1333
2015-02-13,1.139
2015-02-16,1.1405
2015-02-17,1.1419
2015-02-18,1.1373
2015-02-19,1.1384
2015-02-20,1.1303
2015-02-23,1.1309
2015-02-24,1.1318
2015-02-25,1.134
2015-02-26,1.1316
2015-02-27,1.1221
2015-03-02,1.1231
2015-03-03,1.117
2015-03-04,1.1127
2015-03-05,1.1031
2015-03-06,1.0962
2015-03-09,1.0865
2015-03-10,1.0749
2015-03-11,1.0588
2015-03-12,1.0603
2015-03-13,1.0572
2015-03-16,1.0574
2015-03-17,1.0632
2015-03-18,1.0608
2015-03-19,1.0663
2015-03-20,1.0786
2015-03-23,1.0917
2015-03-24,1.0942
2015-03-25,1.0964
2015-03-26,1.0987
2015-03-27,1.088
2015-03-30,1.084
2015-03-31,1.0728
2015-04-01,1.0765
2015-04-02,1.088
2015-04-03,1.0969
2015-04-06,1.1029
2015-04-07,1.0862
2015-04-08,1.0818
2015-04-09,1.0736
2015-04-10,1.0613
2015-04-13,1.057
2015-04-14,1.0669
2015-04-15,1.0646
2015-04-16,1.0694
2015-04-17,1.0768
2015-04-20,1.073
2015-04-21,1.0698
2015-04-22,1.0727
2015-04-23,1.0772
2015-04-24,1.0813
2015-04-27,1.0852
2015-04-28,1.0927
2015-04-29,1.1084
2015-04-30,1.1137
2015-05-01,1.1199
2015-05-04,1.1166
2015-05-05,1.1168
2015-05-06,1.1356
2015-05-07,1.1256
2015-05-08,1.1206
2015-05-11,1.1163
2015-05-12,1.1258
2015-05-13,1.1334
2015-05-14,1.1401
2015-05-15,1.1352
2015-05-18,1.1358
2015-05-19,1.1154
2015-05-20,1.1103
2015-05-21,1.1128
2015-05-22,1.1025
2015-05-25,1.0977
2015-05-26,1.0909
2015-05-27,1.0891
2015-05-28,1.0894
2015-05-29,1.1
2015-06-01,1.0968
2015-06-02,1.1119
2015-06-03,1.1256
2015-06-04,1.1258
2015-06-05,1.1063
2015-06-08,1.1204
2015-06-09,1.1258
2015-06-10,1.1317
2015-06-11,1.1208
2015-06-12,1.1222
2015-06-15,1.1234
2015-06-16,1.1247
2015-06-17,1.1263
2015-06-18,1.1398
2015-06-19,1.1348
2015-06-22,1.1364
2015-06-23,1.117
2015-06-24,1.1188
2015-06-25,1.1209
2015-06-26,1.1188
2015-06-29,1.1146
2015-06-30,1.1205
2015-07-01,1.1074
2015-07-02,1.1086
2015-07-03,1.1099
2015-07-06,1.1038
2015-07-07,1.0937
2015-07-08,1.1031
2015-07-09,1.1051
2015-07-10,1.1173
2015-07-13,1.1041
2015-07-14,1.1021
2015-07-15,1.0961
2015-07-16,1.0914
2015-07-17,1.0852
2015-07-20,1.0841
2015-07-21,1.0901
2015-07-22,1.0888
2015-07-23,1.0995
2015-07-24,1.0952
2015-07-27,1.1104
2015-07-28,1.105
2015-07-29,1.1037
2015-07-30,1.0923
2015-07-31,1.1084
2015-08-03,1.0974
2015-08-04,1.0962
2015-08-05,1.086
2015-08-06,1.0914
2015-08-07,1.0884
2015-08-10,1.0969
2015-08-11,1.108
2015-08-12,1.1175
2015-08-13,1.1109
2015-08-14,1.1153
2015-08-17,1.1078
2015-08-18,1.1041
2015-08-19,1.1033
2015-08-20,1.1198
2015-08-21,1.1286
2015-08-24,1.1607
2015-08-25,1.1441
2015-08-26,1.1378
2015-08-27,1.124
2015-08-28,1.1234
2015-08-31,1.1228
2015-09-01,1.1256
2015-09-02,1.1236
2015-09-03,1.1125
2015-09-04,1.1114
2015-09-07,1.116
2015-09-08,1.119
2015-09-09,1.1169
2015-09-10,1.1213
2015-09-11,1.1285
2015-09-14,1.1308
2015-09-15,1.1269
2015-09-16,1.1298
2015-09-17,1.1322
2015-09-18,1.1418
2015-09-21,1.1245
2015-09-22,1.1151
2015-09-23,1.117
2015-09-24,1.1266
2015-09-25,1.1173
2015-09-28,1.1182
2015-09-29,1.1236
2015-09-30,1.118
2015-10-01,1.1166
2015-10-02,1.1298
2015-10-05,1.1212
2015-10-06,1.1229
2015-10-07,1.1223
2015-10-08,1.1249
2015-10-09,1.1343
2015-10-12,1.1358
2015-10-13,1.1379
2015-10-14,1.1417
2015-10-15,1.1382
2015-10-16,1.1372
2015-10-19,1.1328
2015-10-20,1.1349
2015-10-21,1.1343
2015-10-22,1.1161
2015-10-23,1.1046
2015-10-26,1.1032
2015-10-27,1.105
2015-10-28,1.1078
2015-10-29,1.0959
2015-10-30,1.1034
2015-11-02,1.1038
2015-11-03,1.0961
2015-11-04,1.0906
2015-11-05,1.0877
2015-11-06,1.0718
2015-11-09,1.0748
2015-11-10,1.0691
2015-11-11,1.074
2015-11-12,1.0725
2015-11-13,1.0735
2015-11-16,1.0736
2015-11-17,1.0662
2015-11-18,1.0661
2015-11-19,1.0681
2015-11-20,1.0698
2015-11-23,1.0635
2015-11-24,1.0643
2015-11-25,1.0582
2015-11-26,1.0617
2015-11-27,1.0579
2015-11-30,1.0575
2015-12-01,1.0619
2015-12-02,1.0592
2015-12-03,1.081
2015-12-04,1.0925
2015-12-07,1.081
2015-12-08,1.0893
2015-12-09,1.0981
2015-12-10,1.0967
2015-12-11,1.0964
2015-12-14,1.0996
2015-12-15,1.0972
2015-12-16,1.0938
2015-12-17,1.0839
2015-12-18,1.0818
2015-12-21,1.0904
2015-12-22,1.0969
2015-12-23,1.0907
2015-12-24,1.0945
2015-12-28,1.0975
2015-12-29,1.0928
2015-12-30,1.0935
2015-12-31,1.0862
2016-01-04,1.085
2016-01-05,1.0751
2016-01-06,1.0749
2016-01-07,1.0862
2016-01-08,1.0864
2016-01-11,1.0876
2016-01-12,1.0847
2016-01-13,1.0832
2016-01-14,1.0905
2016-01-15,1.096
2016-01-18,1.0896
2016-01-19,1.0875
2016-01-20,1.0912
2016-01-21,1.0794
2016-01-22,1.0795
2016-01-25,1.0833
2016-01-26,1.0844
2016-01-27,1.0896
2016-01-28,1.0923
2016-01-29,1.084
2016-02-01,1.0877
2016-02-02,1.0928
2016-02-03,1.0951
2016-02-04,1.1216
2016-02-05,1.1165
2016-02-08,1.1101
2016-02-09,1.1289
2016-02-10,1.1237
2016-02-11,1.1348
2016-02-12,1.1245
2016-02-15,1.1172
2016-02-16,1.1175
2016-02-17,1.1126
2016-02-18,1.1087
2016-02-19,1.1071
2016-02-22,1.103
2016-02-23,1.1013
2016-02-24,1.0989
2016-02-25,1.1013
2016-02-26,1.0959
2016-02-29,1.0882
2016-03-01,1.0872
2016-03-02,1.0836
2016-03-03,1.0895
2016-03-04,1.0964
2016-03-07,1.0954
2016-03-08,1.1032
2016-03-09,1.0956
2016-03-10,1.0884
2016-03-11,1.1123
2016-03-14,1.1104
2016-03-15,1.111
2016-03-16,1.1067
2016-03-17,1.1316
2016-03-18,1.1293
2016-03-21,1.1253
2016-03-22,1.1223
2016-03-23,1.1184
2016-03-24,1.1174
2016-03-28,1.1196
2016-03-29,1.1199
2016-03-30,1.1353
2016-03-31,1.1397
2016-04-01,1.1355
2016-04-04,1.1382
2016-04-05,1.1364
2016-04-06,1.1368
2016-04-07,1.1346
2016-04-08,1.1387
2016-04-11,1.1408
2016-04-12,1.1385
2016-04-13,1.1284
2016-04-14,1.127
2016-04-15,1.1299
2016-04-18,1.1308
2016-04-19,1.1378
2016-04-20,1.1325
2016-04-21,1.1286
2016-04-22,1.1252
2016-04-25,1.1253
2016-04-26,1.1332
2016-04-27,1.1315
2016-04-28,1.1332
2016-04-29,1.1432
2016-05-02,1.1485
2016-05-03,1.1546
2016-05-04,1.1472
2016-05-05,1.1407
2016-05-06,1.1431
2016-05-09,1.1388
2016-05-10,1.1386
2016-05-11,1.1427
2016-05-12,1.1409
2016-05-13,1.1322
2016-05-16,1.1338
2016-05-17,1.1333
2016-05-18,1.1272
2016-05-19,1.1189
2016-05-20,1.1235
2016-05-23,1.1194
2016-05-24,1.1152
2016-05-25,1.1146
2016-05-26,1.1204
2016-05-27,1.1149
2016-05-30,1.1143
2016-05-31,1.1168
2016-06-01,1.1158
2016-06-02,1.1186
2016-06-03,1.1339
2016-06-06,1.1366
2016-06-07,1.1361
2016-06-08,1.1409
2016-06-09,1.1313
2016-06-10,1.1283
2016-06-13,1.1295
2016-06-14,1.1201
2016-06-15,1.1214
2016-06-16,1.1145
2016-06-17,1.1271
2016-06-20,1.1341
2016-06-21,1.1282
2016-06-22,1.1303
2016-06-23,1.139
2016-06-24,1.1053
2016-06-27,1.1008
2016-06-28,1.1056
2016-06-29,1.1106
2016-06-30,1.1099
2016-07-01,1.1132
2016-07-04,1.1132
2016-07-05,1.1139
2016-07-06,1.1046
2016-07-07,1.1074
2016-07-08,1.1051
2016-07-11,1.1061
2016-07-12,1.1089
2016-07-13,1.1101
2016-07-14,1.1113
2016-07-15,1.1087
2016-07-18,1.1065
2016-07-19,1.1017
2016-07-20,1.1022
2016-07-21,1.1009
2016-07-22,1.1013
2016-07-25,1.0995
2016-07-26,1.1005
2016-07-27,1.1001
2016-07-28,1.1099
2016-07-29,1.1156
2016-08-01,1.1173
2016-08-02,1.1224
2016-08-03,1.1167
2016-08-04,1.1146
2016-08-05,1.1051
2016-08-08,1.1079
2016-08-09,1.1095
2016-08-10,1.1179
2016-08-11,1.1166
2016-08-12,1.1174
2016-08-15,1.1184
2016-08-16,1.1262
2016-08-17,1.1272
2016-08-18,1.1315
2016-08-19,1.1323
2016-08-22,1.1311
2016-08-23,1.1331
2016-08-24,1.1251
2016-08-25,1.129
2016-08-26,1.1309
2016-08-29,1.1175
2016-08-30,1.1149
2016-08-31,1.1131
2016-09-01,1.1138
2016-09-02,1.1208
2016-09-05,1.1149
2016-09-06,1.121
2016-09-07,1.1247
2016-09-08,1.1273
2016-09-09,1.1219
2016-09-12,1.123
2016-09-13,1.1238
2016-09-14,1.1226
2016-09-15,1.1244
2016-09-16,1.1171
2016-09-19,1.1184
2016-09-20,1.1181
2016-09-21,1.1145
2016-09-22,1.124
2016-09-23,1.1215
2016-09-26,1.1252
2016-09-27,1.1252
2016-09-28,1.1214
2016-09-29,1.1211
2016-09-30,1.1216
2016-10-03,1.1215
2016-10-04,1.1156
2016-10-05,1.1198
2016-10-06,1.118
2016-10-07,1.1188
2016-10-10,1.1155
2016-10-11,1.1079
2016-10-12,1.103
2016-10-13,1.1026
2016-10-14,1.1017
2016-10-17,1.1
2016-10-18,1.0984
2016-10-19,1.0967
2016-10-20,1.0937
2016-10-21,1.088
2016-10-24,1.0879
2016-10-25,1.0858
2016-10-26,1.0934
2016-10-27,1.0917
2016-10-28,1.0921
2016-10-31,1.0946
2016-11-01,1.1035
2016-11-02,1.1108
2016-11-03,1.1068
2016-11-04,1.1104
2016-11-07,1.1061
2016-11-08,1.1042
2016-11-09,1.1012
2016-11-10,1.0895
2016-11-11,1.0899
2016-11-14,1.0739
2016-11-15,1.0758
2016-11-16,1.0676
2016-11-17,1.0706
2016-11-18,1.061
2016-11-21,1.0627
2016-11-22,1.0621
2016-11-23,1.0551
2016-11-24,1.0552
2016-11-25,1.0619
2016-11-28,1.0569
2016-11-29,1.0583
2016-11-30,1.0606
2016-12-01,1.0608
2016-12-02,1.0652
2016-12-05,1.072
2016-12-06,1.0738
2016-12-07,1.0734
2016-12-08,1.0625
2016-12-09,1.0568
2016-12-12,1.0614
2016-12-13,1.062
2016-12-14,1.0647
2016-12-15,1.044
2016-12-16,1.044
2016-12-19,1.0426
2016-12-20,1.0364
2016-12-21,1.0439
2016-12-22,1.0453
2016-12-23,1.0437
2016-12-26,1.0456
2016-12-27,1.0452
2016-12-28,1.0392
2016-12-29,1.0454
2016-12-30,1.0517
2017-01-02,1.0468
2017-01-03,1.0386
2017-01-04,1.0441
2017-01-05,1.0547
2017-01-06,1.0549
2017-01-09,1.0544
2017-01-10,1.0584
2017-01-11,1.0513
2017-01-12,1.0641
2017-01-13,1.0627
2017-01-16,1.0598
2017-01-17,1.07
2017-01-18,1.0675
2017-01-19,1.0612
2017-01-20,1.0656
2017-01-23,1.0717
2017-01-24,1.0752
2017-01-25,1.0732
2017-01-26,1.0703
2017-01-27,1.0718
2017-01-30,1.0647
2017-01-31,1.0775
2017-02-01,1.0754
2017-02-02,1.0816
2017-02-03,1.0765
2017-02-06,1.0716
2017-02-07,1.0677
2017-02-08,1.0668
2017-02-09,1.0684
2017-02-10,1.062
2017-02-13,1.0618
2017-02-14,1.0614
2017-02-15,1.0544
2017-02-16,1.0644
2017-02-17,1.0647
2017-02-20,1.0613
2017-02-21,1.0533
2017-02-22,1.0512
2017-02-23,1.0575
2017-02-24,1.0594
2017-02-27,1.0585
2017-02-28,1.0604
2017-03-01,1.0525
2017-03-02,1.0502
2017-03-03,1.0561
2017-03-06,1.06
2017-03-07,1.0566
2017-03-08,1.0542
2017-03-09,1.0606
2017-03-10,1.0635
2017-03-13,1.0665
2017-03-14,1.0634
2017-03-15,1.0619
2017-03-16,1.0739
2017-03-17,1.0755
2017-03-20,1.0755
2017-03-21,1.0817
2017-03-22,1.0812
2017-03-23,1.0812
2017-03-24,1.0797
2017-03-27,1.0894
2017-03-28,1.0861
2017-03-29,1.0748
2017-03-30,1.0731
2017-03-31,1.0681
2017-04-03,1.0665
2017-04-04,1.0654
2017-04-05,1.0662
2017-04-06,1.0662
2017-04-07,1.0629
2017-04-10,1.0592
2017-04-11,1.0605
2017-04-12,1.0608
2017-04-13,1.0613
2017-04-17,1.0646
2017-04-18,1.0691
2017-04-19,1.0711
2017-04-20,1.0763
2017-04-21,1.0704
2017-04-24,1.0862
2017-04-25,1.0904
2017-04-26,1.0888
2017-04-27,1.0856
2017-04-28,1.0906
2017-05-01,1.0899
2017-05-02,1.0907
2017-05-03,1.0912
2017-05-04,1.0941
2017-05-05,1.0986
2017-05-08,1.0945
2017-05-09,1.0892
2017-05-10,1.087
2017-05-11,1.0869
2017-05-12,1.0918
2017-05-15,1.0987
2017-05-16,1.107
2017-05-17,1.111
2017-05-18,1.1114
2017-05-19,1.1192
2017-05-22,1.1235
2017-05-23,1.1242
2017-05-24,1.1188
2017-05-25,1.1212
2017-05-26,1.1181
2017-05-29,1.1178
2017-05-30,1.12
2017-05-31,1.1231
2017-06-01,1.1228
2017-06-02,1.1276
2017-06-05,1.1253
2017-06-06,1.1268
2017-06-07,1.1266
2017-06-08,1.1209
2017-06-09,1.1188
2017-06-12,1.1197
2017-06-13,1.1211
2017-06-14,1.1278
2017-06-15,1.115
2017-06-16,1.1194
2017-06-19,1.1176
2017-06-20,1.1149
2017-06-21,1.1142
2017-06-22,1.1155
2017-06-23,1.1189
2017-06-26,1.121
2017-06-27,1.1276
2017-06-28,1.1362
2017-06-29,1.1399
2017-06-30,1.1424
2017-07-03,1.1367
2017-07-04,1.1345
2017-07-05,1.1327
2017-07-06,1.1397
2017-07-07,1.1397
2017-07-10,1.1391
2017-07-11,1.1406
2017-07-12,1.1413
2017-07-13,1.1402
2017-07-14,1.1458
2017-07-17,1.1469
2017-07-18,1.1573
2017-07-19,1.1534
2017-07-20,1.1564
2017-07-21,1.1642
2017-07-24,1.1641
2017-07-25,1.1647
2017-07-26,1.1636
2017-07-27,1.1703
2017-07-28,1.174
2017-07-31,1.1743
2017-08-01,1.1808
2017-08-02,1.1856
2017-08-03,1.1846
2017-08-04,1.1767
2017-08-07,1.1786
2017-08-08,1.1812
2017-08-09,1.1714
2017-08-10,1.1744
2017-08-11,1.1808
2017-08-14,1.178
2017-08-15,1.1735
2017-08-16,1.1698
2017-08-17,1.1735
2017-08-18,1.1745
2017-08-21,1.1802
2017-08-22,1.1764
2017-08-23,1.1792
2017-08-24,1.1796
2017-08-25,1.1857
2017-08-28,1.1935
2017-08-29,1.2029
2017-08-30,1.1915
2017-08-31,1.1852
2017-09-01,1.1873
2017-09-04,1.1898
2017-09-05,1.1898
2017-09-06,1.192
2017-09-07,1.199
2017-09-08,1.2025
2017-09-11,1.1979
2017-09-12,1.1943
2017-09-13,1.1954
2017-09-14,1.1892
2017-09-15,1.1945
2017-09-18,1.1963
2017-09-19,1.1985
2017-09-20,1.2
2017-09-21,1.1914
2017-09-22,1.1976
2017-09-25,1.188
2017-09-26,1.1794
2017-09-27,1.1734
2017-09-28,1.1792
2017-09-29,1.1804
2017-10-02,1.1754
2017-10-03,1.1771
2017-10-04,1.1756
2017-10-05,1.1727
2017-10-06,1.1706
2017-10-09,1.173
2017-10-10,1.1789
2017-10-11,1.1844
2017-10-12,1.1833
2017-10-13,1.1843
2017-10-16,1.1796
2017-10-17,1.1738
2017-10-18,1.1764
2017-10-19,1.1845
2017-10-20,1.1787
2017-10-23,1.1755
2017-10-24,1.1767
2017-10-25,1.1791
2017-10-26,1.1717
2017-10-27,1.1606
2017-10-30,1.1607
2017-10-31,1.164
2017-11-01,1.1622
2017-11-02,1.1672
2017-11-03,1.1632
2017-11-06,1.1586
2017-11-07,1.1565
2017-11-08,1.1592
2017-11-09,1.1604
2017-11-10,1.166
2017-11-13,1.1665
2017-11-14,1.1759
2017-11-15,1.1823
2017-11-16,1.1777
2017-11-17,1.1799
2017-11-20,1.1771
2017-11-21,1.1723
2017-11-22,1.175
2017-11-23,1.1844
2017-11-24,1.1903
2017-11-27,1.1954
2017-11-28,1.189
2017-11-29,1.1835
2017-11-30,1.1876
2017-12-01,1.1866
2017-12-04,1.1838
2017-12-05,1.1845
2017-12-06,1.1801
2017-12-07,1.1794
2017-12-08,1.1762
2017-12-11,1.1786
2017-12-12,1.1739
2017-12-13,1.1761
2017-12-14,1.1823
2017-12-15,1.1789
2017-12-18,1.1799
2017-12-19,1.1825
2017-12-20,1.1846
2017-12-21,1.1862
2017-12-22,1.1855
2017-12-26,1.1868
2017-12-27,1.1903
2017-12-28,1.1947
2017-12-29,1.2005
2018-01-02,1.2046
2018-01-03,1.2029
2018-01-04,1.2061
2018-01-05,1.2031
2018-01-08,1.197
2018-01-09,1.193
2018-01-10,1.2004
2018-01-11,1.2035
2018-01-12,1.2114
2018-01-15,1.2279
2018-01-16,1.2206
2018-01-17,1.2224
2018-01-18,1.2244
2018-01-19,1.2241
2018-01-22,1.2247
2018-01-23,1.226
2018-01-24,1.2377
2018-01-25,1.2496
2018-01-26,1.2422
2018-01-29,1.2353
2018-01-30,1.2442
2018-01-31,1.2453
2018-02-01,1.2449
2018-02-02,1.2449
2018-02-05,1.2414
2018-02-06,1.2342
2018-02-07,1.2338
2018-02-08,1.2268
2018-02-09,1.2264
2018-02-12,1.2248
2018-02-13,1.2346
2018-02-14,1.2327
2018-02-15,1.2474
2018-02-16,1.2438
2018-02-19,1.2379
2018-02-20,1.2342
2018-02-21,1.2326
2018-02-22,1.2294
2018-02-23,1.2293
2018-02-26,1.2323
2018-02-27,1.2311
2018-02-28,1.2212
2018-03-01,1.2186
2018-03-02,1.2307
2018-03-05,1.2318
2018-03-06,1.24
2018-03-07,1.2411
2018-03-08,1.2416
2018-03-09,1.2297
2018-03-12,1.2314
2018-03-13,1.2363
2018-03-14,1.2358
2018-03-15,1.2329
2018-03-16,1.2282
2018-03-19,1.2317
2018-03-20,1.2275
2018-03-21,1.2294
2018-03-22,1.2311
2018-03-23,1.2352
2018-03-26,1.2445
2018-03-27,1.2396
2018-03-28,1.2344
2018-03-29,1.23
2018-03-30,1.2324
2018-04-02,1.2332
2018-04-03,1.2263
2018-04-04,1.2294
2018-04-05,1.2258
2018-04-06,1.2278
2018-04-09,1.2317
2018-04-10,1.2356
2018-04-11,1.2367
2018-04-12,1.231
2018-04-13,1.2327
2018-04-16,1.2386
2018-04-17,1.2343
2018-04-18,1.2394
2018-04-19,1.2379
2018-04-20,1.2274
2018-04-23,1.2229
2018-04-24,1.2224
2018-04-25,1.2184
2018-04-26,1.2187
2018-04-27,1.2078
2018-04-30,1.2075
2018-05-01,1.1993
2018-05-02,1.1967
2018-05-03,1.197
2018-05-04,1.194
2018-05-07,1.1919
2018-05-08,1.1864
2018-05-09,1.1881
2018-05-10,1.1928
2018-05-11,1.1948
2018-05-14,1.1982
2018-05-15,1.1844
2018-05-16,1.1799
2018-05-17,1.1803
2018-05-18,1.1765
2018-05-21,1.1769
2018-05-22,1.1776
2018-05-23,1.1716
2018-05-24,1.1746
2018-05-25,1.1659
2018-05-28,1.1626
2018-05-29,1.1583
2018-05-30,1.1615
2018-05-31,1.1668
2018-06-01,1.1661
2018-06-04,1.1719
2018-06-05,1.1662
2018-06-06,1.1775
2018-06-07,1.1812
2018-06-08,1.1767
2018-06-11,1.1805
2018-06-12,1.1789
2018-06-13,1.1777
2018-06-14,1.1663
2018-06-15,1.1619
2018-06-18,1.1607
2018-06-19,1.1565
2018-06-20,1.1574
2018-06-21,1.1599
2018-06-22,1.1619
2018-06-25,1.1681
2018-06-26,1.1664
2018-06-27,1.1605
2018-06-28,1.1594
2018-06-29,1.1655
2018-07-02,1.1612
2018-07-03,1.1661
2018-07-04,1.1648
2018-07-05,1.1702
2018-07-06,1.1759
2018-07-09,1.1753
2018-07-10,1.1711
2018-07-11,1.1738
2018-07-12,1.1675
2018-07-13,1.1646
2018-07-16,1.1717
2018-07-17,1.1696
2018-07-18,1.1644
2018-07-19,1.1612
2018-07-20,1.1709
2018-07-23,1.1705
2018-07-24,1.1706
2018-07-25,1.1729
2018-07-26,1.1674
2018-07-27,1.1657
2018-07-30,1.1712
2018-07-31,1.1704
2018-08-01,1.1677
2018-08-02,1.1585
2018-08-03,1.158
2018-08-06,1.1556
2018-08-07,1.159
2018-08-08,1.1589
2018-08-09,1.1592
2018-08-10,1.1425
2018-08-13,1.1425
2018-08-14,1.1385
2018-08-15,1.1345
2018-08-16,1.1394
2018-08-17,1.1412
2018-08-20,1.1442
2018-08-21,1.1524
2018-08-22,1.1588
2018-08-23,1.1564
2018-08-24,1.1616
2018-08-27,1.1658
2018-08-28,1.1708
2018-08-29,1.17
2018-08-30,1.1658
2018-08-31,1.1642
2018-09-03,1.1609
2018-09-04,1.1544
2018-09-05,1.1616
2018-09-06,1.1629
2018-09-07,1.1573
2018-09-10,1.1607
2018-09-11,1.1584
2018-09-12,1.162
2018-09-13,1.1687
2018-09-14,1.1662
2018-09-17,1.1692
2018-09-18,1.1695
2018-09-19,1.1663
2018-09-20,1.1757
2018-09-21,1.1754
2018-09-24,1.1784
2018-09-25,1.1789
2018-09-26,1.1737
2018-09-27,1.1677
2018-09-28,1.1593
2018-10-01,1.16
2018-10-02,1.1536
2018-10-03,1.1533
2018-10-04,1.1531
2018-10-05,1.1525
2018-10-08,1.1481
2018-10-09,1.1475
2018-10-10,1.1526
2018-10-11,1.1563
2018-10-12,1.156
2018-10-15,1.1587
2018-10-16,1.1599
2018-10-17,1.1539
2018-10-18,1.1491
2018-10-19,1.1488
2018-10-22,1.1479
2018-10-23,1.1467
2018-10-24,1.14
2018-10-25,1.1381
2018-10-26,1.1361
2018-10-29,1.1375
2018-10-30,1.1374
2018-10-31,1.132
2018-11-01,1.1406
2018-11-02,1.1418
2018-11-05,1.1379
2018-11-06,1.1427
2018-11-07,1.1476
2018-11-08,1.1426
2018-11-09,1.1353
2018-11-12,1.1268
2018-11-13,1.1269
2018-11-14,1.1286
2018-11-15,1.1294
2018-11-16,1.1391
2018-11-19,1.1426
2018-11-20,1.1403
2018-11-21,1.141
2018-11-22,1.1404
2018-11-23,1.1352
2018-11-26,1.1367
2018-11-27,1.1321
2018-11-28,1.1288
2018-11-29,1.1371
2018-11-30,1.1357
2018-12-03,1.1356
2018-12-04,1.1387
2018-12-05,1.1356
2018-12-06,1.1361
2018-12-07,1.1391
2018-12-10,1.1412
2018-12-11,1.137
2018-12-12,1.1358
2018-12-13,1.134
2018-12-14,1.1275
2018-12-17,1.1348
2018-12-18,1.137
2018-12-19,1.1404
2018-12-20,1.1449
2018-12-21,1.1412
2018-12-24,1.1419
2018-12-25,1.1377
2018-12-26,1.1387
2018-12-27,1.1397
2018-12-28,1.1468
2018-12-31,1.1445
2019-01-01,1.1458
2019-01-02,1.1373
2019-01-03,1.1369
2019-01-04,1.1366
2019-01-07,1.1457
2019-01-08,1.1426
2019-01-09,1.1465
2019-01-10,1.1518
2019-01-11,1.1526
2019-01-14,1.146
2019-01-15,1.1436
2019-01-16,1.1392
2019-01-17,1.1392
2019-01-18,1.1399
2019-01-21,1.1361
2019-01-22,1.1339
2019-01-23,1.1355
2019-01-24,1.1341
2019-01-25,1.1359
2019-01-28,1.1418
2019-01-29,1.1425
2019-01-30,1.1424
2019-01-31,1.1494
2019-02-01,1.1474
2019-02-04,1.145
2019-02-05,1.1432
2019-02-06,1.1386
2019-02-07,1.1332
2019-02-08,1.1347
2019-02-11,1.131
2019-02-12,1.1292
2019-02-13,1.1292
2019-02-14,1.1301
2019-02-15,1.1253
2019-02-18,1.1324
2019-02-19,1.1298
2019-02-20,1.1336
2019-02-21,1.1363
2019-02-22,1.1336
2019-02-25,1.1356
2019-02-26,1.1372
2019-02-27,1.1383
2019-02-28,1.1387
2019-03-01,1.138
2019-03-04,1.1341
2019-03-05,1.1334
2019-03-06,1.1307
2019-03-07,1.1259
2019-03-08,1.1226
2019-03-11,1.1247
2019-03-12,1.1275
2019-03-13,1.1309
2019-03-14,1.13
2019-03-15,1.1326
2019-03-18,1.1346
2019-03-19,1.1348
2019-03-20,1.136
2019-03-21,1.139
2019-03-22,1.1307
2019-03-25,1.1314
2019-03-26,1.1288
2019-03-27,1.1255
2019-03-28,1.1222
2019-03-29,1.1229
2019-04-01,1.1229
2019-04-02,1.1202
2019-04-03,1.1237
2019-04-04,1.1214
2019-04-05,1.1223
2019-04-08,1.1271
2019-04-09,1.1279
2019-04-10,1.1244
2019-04-11,1.127
2019-04-12,1.1317
2019-04-15,1.1304
2019-04-16,1.1296
2019-04-17,1.1301
2019-04-18,1.1248
2019-04-19,1.1244
2019-04-22,1.1253
2019-04-23,1.121
2019-04-24,1.1191
2019-04-25,1.114
2019-04-26,1.1154
2019-04-29,1.1158
2019-04-30,1.1223
2019-05-01,1.1241
2019-05-02,1.1186
2019-05-03,1.1175
2019-05-06,1.1191
2019-05-07,1.1186
2019-05-08,1.1199
2019-05-09,1.1245
2019-05-10,1.1247
2019-05-13,1.1254
2019-05-14,1.1213
2019-05-15,1.1185
2019-05-16,1.1186
2019-05-17,1.1169
2019-05-20,1.1168
2019-05-21,1.1151
2019-05-22,1.1162
2019-05-23,1.1138
2019-05-24,1.1198
2019-05-27,1.1192
2019-05-28,1.1191
2019-05-29,1.1142
2019-05-30,1.1125
2019-05-31,1.1159
2019-06-03,1.1205
2019-06-04,1.125
2019-06-05,1.1263
2019-06-06,1.1261
2019-06-07,1.1318
2019-06-10,1.13
2019-06-11,1.1315
2019-06-12,1.1317
2019-06-13,1.1275
2019-06-14,1.1241
2019-06-17,1.1241
2019-06-18,1.119
2019-06-19,1.1205
2019-06-20,1.1294
2019-06-21,1.1328
2019-06-24,1.1385
2019-06-25,1.1394
2019-06-26,1.1356
2019-06-27,1.1359
2019-06-28,1.1382
2019-07-01,1.1324
2019-07-02,1.1297
2019-07-03,1.1296
2019-07-04,1.1279
2019-07-05,1.1221
2019-07-08,1.1217
2019-07-09,1.1205
2019-07-10,1.1238
2019-07-11,1.1256
2019-07-12,1.1248
2019-07-15,1.1265
2019-07-16,1.1217
2019-07-17,1.122
2019-07-18,1.1221
2019-07-19,1.1236
2019-07-22,1.1225
2019-07-23,1.1163
2019-07-24,1.1151
2019-07-25,1.1147
2019-07-26,1.1131
2019-07-29,1.1129
2019-07-30,1.1144
2019-07-31,1.1134
2019-08-01,1.1059
2019-08-02,1.1099
2019-08-05,1.1197
2019-08-06,1.1173
2019-08-07,1.1223
2019-08-08,1.1197
2019-08-09,1.1216
2019-08-12,1.1215
2019-08-13,1.1187
2019-08-14,1.1149
2019-08-15,1.1107
2019-08-16,1.1097
2019-08-19,1.1101
2019-08-20,1.1081
2019-08-21,1.1096
2019-08-22,1.1093
2019-08-23,1.1076
2019-08-26,1.1113
2019-08-27,1.1097
2019-08-28,1.108
2019-08-29,1.107
2019-08-30,1.1043
2019-09-02,1.0963
2019-09-03,1.0968
2019-09-04,1.1022
2019-09-05,1.1047
2019-09-06,1.1049
2019-09-09,1.1056
2019-09-10,1.104
2019-09-11,1.0993
2019-09-12,1.103
2019-09-13,1.1067
2019-09-16,1.1015
2019-09-17,1.1039
2019-09-18,1.106
2019-09-19,1.1057
2019-09-20,1.1017
2019-09-23,1.0987
2019-09-24,1.1
2019-09-25,1.0985
2019-09-26,1.0949
2019-09-27,1.0938
2019-09-30,1.0903
2019-10-01,1.0916
2019-10-02,1.0946
2019-10-03,1.0988
2019-10-04,1.0967
2019-10-07,1.0991
2019-10-08,1.0971
2019-10-09,1.0981
2019-10-10,1.102
2019-10-11,1.1052
2019-10-14,1.1022
2019-10-15,1.0998
2019-10-16,1.1054
2019-10-17,1.1124
2019-10-18,1.114
2019-10-21,1.1155
2019-10-22,1.1134
2019-10-23,1.1123
2019-10-24,1.1115
2019-10-25,1.1094
2019-10-28,1.1094
2019-10-29,1.1099
2019-10-30,1.1109
2019-10-31,1.1146
2019-11-01,1.1167
2019-11-04,1.1155
2019-11-05,1.1097
2019-11-06,1.1087
2019-11-07,1.1067
2019-11-08,1.103
2019-11-11,1.1039
2019-11-12,1.1022
2019-11-13,1.1007
2019-11-14,1.0998
2019-11-15,1.1041
2019-11-18,1.1057
2019-11-19,1.1077
2019-11-20,1.1063
2019-11-21,1.1077
2019-11-22,1.1058
2019-11-25,1.1015
2019-11-26,1.1018
2019-11-27,1.1001
2019-11-28,1.1007
2019-11-29,1.0993
2019-12-02,1.1034
2019-12-03,1.1073
2019-12-04,1.1108
2019-12-05,1.1093
2019-12-06,1.1076
2019-12-09,1.1076
2019-12-10,1.1078
2019-12-11,1.1086
2019-12-12,1.1136
2019-12-13,1.1169
2019-12-16,1.1151
2019-12-17,1.1149
2019-12-18,1.1119
2019-12-19,1.1114
2019-12-20,1.109
2019-12-23,1.1078
2019-12-24,1.1079
2019-12-25,1.1104
2019-12-26,1.11
2019-12-27,1.1153
2019-12-30,1.1195
2019-12-31,1.1238
2020-01-01,1.1213
2020-01-02,1.1195
2020-01-03,1.1137
2020-01-06,1.1198
2020-01-07,1.1157
2020-01-08,1.1121
2020-01-09,1.1114
2020-01-10,1.1097
2020-01-13,1.112
2020-01-14,1.1113
2020-01-15,1.1151
2020-01-16,1.1151
2020-01-17,1.1099
2020-01-20,1.1083
2020-01-21,1.1112
2020-01-22,1.1091
2020-01-23,1.1085
2020-01-24,1.1039
2020-01-27,1.1026
2020-01-28,1.1005
2020-01-29,1.0996
2020-01-30,1.1026
2020-01-31,1.1055
2020-02-03,1.1063
2020-02-04,1.1045
2020-02-05,1.1013
2020-02-06,1.1002
2020-02-07,1.0957
2020-02-10,1.0932
2020-02-11,1.0903
2020-02-12,1.0906
2020-02-13,1.0853
2020-02-14,1.0854
2020-02-17,1.0836
2020-02-18,1.0801
2020-02-19,1.0792
2020-02-20,1.0808
2020-02-21,1.0807
2020-02-24,1.0816
2020-02-25,1.0837
2020-02-26,1.0867
2020-02-27,1.0977
2020-02-28,1.0984
2020-03-02,1.1124
2020-03-03,1.1119
2020-03-04,1.1125
2020-03-05,1.1185
2020-03-06,1.1325
